V002,V024,V025,V106,V190,V201,V212,V221,V228,V312,V360,V384B,V457,V463X,V701,M18,S720,Zone
54,1,2,2,0.75,2,26,25,0,5,2,1,3,0,2,0,0,Northern Zone
48,1,2,2,0.25,1,22,12,0,0,14,1,1,0,2,0.5,0,Northern Zone
77,1,2,2,0.75,2,19,24,0,0,9,0,2,0,2,0.5,0,Northern Zone
98,1,2,2,0.75,2,29,12,0,6,2,0,4,0,2,0.5,0,Northern Zone
26,1,2,2,0.5,2,29,12,0,0,10,1,4,0,2,0.5,0,Northern Zone
28,1,2,3,1,2,22,20,0,5,3,1,4,0,3,0.5,0,Northern Zone
24,1,2,2,0.75,2,23,11,0,1,10,1,3,0,2,0.5,0,Northern Zone
71,1,2,1,0.25,3,21,18,0,1,9,1,3,0,2,0.5,0,Northern Zone
72,1,2,0,0.25,4,21,21,0,0,2,0,3,0,2,0.5,0,Northern Zone
8,1,2,0,0.75,4,24,51,0,9,2,0,1,0,0,0.5,0,Northern Zone
98,1,2,2,0.25,1,22,11,0,0,2,0,3,0,3,0.5,0,Northern Zone
7,1,2,2,0.75,2,25,10,0,5,2,1,3,0,2,0.5,0,Northern Zone
3,1,2,2,1,1,26,19,0,0,4,1,3,0,2,0.5,0,Northern Zone
78,1,2,0,0.25,2,20,9,0,0,2,0,2,0,2,0.5,0,Northern Zone
41,1,2,1,0.25,5,15,13,0,3,2,1,4,0,2,0.5,0,Northern Zone
25,1,2,2,1,2,19,15,0,9,2,1,2,0,2,0.5,0,Northern Zone
38,1,2,1,0,3,23,11,0,3,2,0,3,0,2,0.5,0,Northern Zone
32,1,2,0,0.25,3,23,4,0,1,1,1,4,0,2,0,0,Northern Zone
98,1,2,2,0.25,1,29,22,0,1,4,0,4,0,0,0.5,0,Northern Zone
75,1,2,1,0.5,2,22,20,0,1,2,1,4,0,2,0.5,0,Northern Zone
59,1,2,2,0.5,1,25,12,0,5,4,1,2,0,3,0.5,0,Northern Zone
84,1,2,0,0.5,1,27,12,0,1,10,0,2,0,0,0.5,1,Northern Zone
93,1,2,0,0.75,3,24,12,0,5,2,1,1,0,2,0.5,0,Northern Zone
41,1,2,0,0,3,21,15,0,5,3,0,3,0,0,0.5,0,Northern Zone
90,1,2,2,1,1,25,10,0,1,7,1,2,0,2,0.5,0,Northern Zone
65,1,1,2,0.5,1,30,11,0,5,3,1,4,0,2,0.5,0,Northern Zone
24,1,1,3,1,1,26,10,0,0,2,1,4,0,3,0,0,Northern Zone
83,1,2,0,0.75,3,30,19,0,0,2,0,2,0,2,0.5,0,Northern Zone
16,1,2,2,0.5,1,23,10,0,0,2,1,3,0,2,0.5,0,Northern Zone
44,1,1,1,1,2,19,33,0,5,10,0,2,0,2,0.5,0,Northern Zone
45,1,2,2,0.75,3,26,22,1,5,2,1,2,0,2,0.5,0,Northern Zone
49,1,1,3,0.75,2,25,14,0,5,4,0,3,0,3,0.5,0,Northern Zone
7,1,2,2,0.5,2,31,22,1,5,3,0,2,0,2,0.5,0,Northern Zone
75,1,2,2,1,2,20,19,0,0,9,1,2,0,2,1,0,Northern Zone
83,1,2,0,0,5,24,34,0,0,4,0,3,0,2,0.5,0,Northern Zone
93,1,1,3,0.75,2,25,14,0,0,2,1,2,0,2,0.5,0,Northern Zone
6,1,2,0,0.25,6,19,14,1,6,4,0,2,0,0,0.5,0,Northern Zone
81,1,2,2,0.25,2,29,11,0,9,10,1,2,0,2,0.5,0,Northern Zone
14,1,2,2,0.75,3,31,16,0,6,2,1,2,0,2,0.5,0,Northern Zone
14,1,2,2,0.25,1,24,7,0,3,4,1,2,0,2,0.5,0,Northern Zone
85,1,2,0,0.25,4,21,12,0,6,2,1,2,0,2,0.5,0,Northern Zone
37,1,2,2,1,2,24,13,0,0,2,1,4,0,3,0.5,0,Northern Zone
36,1,2,2,0.25,3,20,10,0,0,1,0,3,0,2,0.5,0,Northern Zone
33,1,2,2,0.25,2,28,11,0,0,6,1,4,0,2,0,0,Northern Zone
47,1,2,2,0.75,1,21,13,0,3,2,1,3,0,0,0,0,Northern Zone
55,1,2,2,0.25,2,18,33,1,0,1,1,2,0,2,0.5,0,Northern Zone
75,1,2,3,0.75,1,26,13,1,0,2,0,2,0,3,0.5,0,Northern Zone
43,1,2,2,0.5,2,25,13,1,5,1,0,4,0,2,0.75,0,Northern Zone
16,1,2,2,0.25,3,25,24,0,9,2,0,3,0,2,0.5,0,Northern Zone
51,1,2,3,0.75,2,26,9,1,0,2,1,3,0,3,0.5,0,Northern Zone
43,2,2,3,0.75,2,30,13,1,5,2,0,4,0,3,0.25,0,Northern Zone
63,2,2,2,0.5,3,26,22,0,0,2,1,2,0,2,0.5,0,Northern Zone
1,2,2,3,1,2,21,26,1,5,2,1,4,0,2,0.5,0,Northern Zone
68,2,2,1,1,3,20,10,0,5,2,1,3,0,1,0.5,0,Northern Zone
37,2,2,2,0.75,2,26,10,0,0,2,1,3,0,2,0,0,Northern Zone
24,2,2,1,0,4,15,16,0,7,9,0,3,0,0,0.5,0,Northern Zone
70,2,2,3,0.5,2,28,6,0,5,2,1,3,0,2,0.5,0,Northern Zone
57,2,2,2,0.75,2,19,11,0,5,2,0,2,0,2,0.5,0,Northern Zone
20,2,2,2,0.25,3,21,13,0,0,2,1,4,0,2,0.75,0,Northern Zone
84,2,2,3,1,1,24,16,0,9,1,0,3,0,2,0.75,0,Northern Zone
51,2,2,1,0.5,2,20,15,0,0,1,0,4,0,3,0.5,0,Northern Zone
65,2,1,3,1,1,32,50,0,5,2,0,4,0,3,0.5,0,Northern Zone
83,2,2,2,0.75,4,18,12,1,5,9,1,4,0,2,0.5,0,Northern Zone
45,2,2,2,0.5,2,20,11,0,0,2,1,2,0,2,0.25,0,Northern Zone
73,2,1,3,1,2,32,14,0,5,2,0,2,0,3,0.5,0,Northern Zone
2,2,2,2,0.75,3,20,10,0,6,2,1,4,0,1,0.5,0,Northern Zone
16,2,2,2,0,3,21,30,0,5,9,1,2,0,2,0.5,0,Northern Zone
4,2,2,2,0,2,22,12,0,9,2,0,4,0,2,0.5,0,Northern Zone
1,2,2,2,0.75,2,21,13,0,8,7,1,3,0,2,0.25,0,Northern Zone
29,2,2,3,0.75,1,24,31,0,9,2,1,4,0,2,0.5,0,Northern Zone
73,2,1,3,1,2,32,14,0,5,2,0,2,0,3,0.5,0,Northern Zone
95,2,2,1,0.25,2,26,14,0,6,1,0,3,0,2,0.5,0,Northern Zone
63,2,2,2,0.5,3,26,22,0,0,2,1,2,0,2,0.5,0,Northern Zone
37,2,2,2,0.75,2,26,10,0,0,2,1,3,0,2,0.5,0,Northern Zone
77,2,2,2,0.5,4,19,9,0,5,16,1,2,0,2,0.5,0,Northern Zone
61,2,1,2,1,1,21,31,0,5,8,1,4,0,2,0.5,0,Northern Zone
27,2,2,1,0.75,3,16,16,0,9,2,1,2,0,2,0.5,0,Northern Zone
80,2,2,2,0.5,2,23,11,0,8,7,1,4,0,3,0.5,0,Northern Zone
53,2,2,2,0.75,1,19,27,0,9,1,1,2,0,2,0.5,0,Northern Zone
46,2,2,2,1,1,22,11,0,9,2,1,3,0,3,0.25,0,Northern Zone
80,2,2,2,0.5,2,22,10,0,6,2,1,3,0,2,0.5,0,Northern Zone
75,2,2,2,0.75,1,28,30,1,9,1,1,4,0,3,0.5,0,Northern Zone
66,2,2,3,1,1,30,996,0,5,2,1,2,0,3,0.5,0,Northern Zone
49,2,2,3,0.75,1,33,35,0,0,9,0,4,0,3,0.25,0,Northern Zone
49,2,2,3,1,2,31,23,0,5,9,1,3,0,3,0.5,0,Northern Zone
3,2,2,2,0.25,1,22,12,0,5,2,1,3,0,2,0.5,0,Northern Zone
31,2,2,3,0.75,2,25,10,0,5,2,1,4,0,2,0.5,0,Northern Zone
7,2,2,1,1,2,26,17,1,2,2,1,4,0,2,0.75,0,Northern Zone
64,2,2,2,1,1,22,21,0,0,2,0,9,0,2,0.75,0,Northern Zone
86,2,2,2,0.75,2,25,11,0,5,2,1,2,0,2,0.75,0,Northern Zone
44,2,2,2,0.75,3,21,13,1,1,9,1,3,0,1,0,0,Northern Zone
84,2,2,2,0.75,2,22,23,1,0,9,0,3,0,2,0.25,0,Northern Zone
22,2,2,1,0.25,2,22,21,0,5,2,1,3,0,2,0.75,0,Northern Zone
10,2,2,2,0.25,2,20,24,0,0,2,1,4,0,2,0.5,0,Northern Zone
68,2,2,2,0.5,3,28,23,0,6,1,1,2,0,2,0.5,1,Northern Zone
21,2,2,1,0.5,2,19,9,0,9,2,1,2,0,2,0.25,0,Northern Zone
41,2,1,3,0.75,1,26,18,0,5,2,1,4,0,3,0.5,0,Northern Zone
47,2,2,2,0.25,2,30,10,0,9,98,1,4,0,2,0.5,0,Northern Zone
63,2,2,3,0.25,2,22,18,0,6,2,1,3,0,2,0.75,0,Northern Zone
23,2,2,3,1,1,22,13,0,0,2,1,4,0,3,0.5,0,Northern Zone
31,3,2,2,0.75,3,17,11,0,0,2,1,4,0,2,0.5,0,Northern Zone
48,3,1,3,1,1,23,11,0,5,3,1,3,0,2,0.5,0,Northern Zone
20,3,2,3,1,1,26,14,0,9,9,1,3,0,2,0.5,0,Northern Zone
41,3,1,3,1,1,24,18,0,5,4,1,3,0,2,0.5,0,Northern Zone
39,3,2,2,0.75,2,18,13,0,0,2,0,3,0,2,0.5,0,Northern Zone
17,3,1,0,1,1,20,28,0,0,3,0,9,0,2,0.5,0,Northern Zone
41,3,2,2,1,2,23,14,0,8,2,1,4,0,2,0.5,0,Northern Zone
81,3,2,2,0.75,2,29,28,0,6,2,1,3,0,2,0.5,0,Northern Zone
7,3,2,2,1,2,32,31,1,5,2,1,3,0,2,0.5,0,Northern Zone
44,3,2,2,0.5,5,21,13,0,5,10,1,2,0,2,0.5,0,Northern Zone
86,3,2,2,1,2,23,34,1,5,2,1,4,0,2,0.25,0,Northern Zone
92,3,1,2,0.5,2,27,22,0,8,3,0,4,0,2,0.5,0,Northern Zone
95,3,2,2,1,2,23,53,0,0,10,1,4,0,2,0.5,0,Northern Zone
56,3,1,0,0.75,3,19,7,0,5,2,0,3,0,2,0,0,Northern Zone
72,3,1,2,1,2,27,10,0,8,2,1,3,0,1,0.5,0,Northern Zone
35,3,1,2,0.5,3,19,13,0,5,2,0,2,0,1,0.5,0,Northern Zone
83,3,1,3,1,1,26,10,0,9,3,0,4,0,3,0.5,0,Northern Zone
78,3,2,2,0.75,2,21,11,0,0,2,1,4,0,2,0.5,0,Northern Zone
63,3,1,2,0.5,4,12,10,0,9,2,0,2,0,0,0.5,0,Northern Zone
73,3,1,0,0,4,16,18,0,0,2,0,4,0,0,0,0,Northern Zone
11,3,2,2,1,1,24,23,0,0,14,0,2,0,2,0.5,0,Northern Zone
10,3,1,3,1,1,20,10,1,0,2,1,2,0,2,0.5,0,Northern Zone
59,3,2,1,0.25,4,19,29,1,5,1,0,2,0,2,0.5,0,Northern Zone
59,3,2,2,1,1,21,10,0,8,3,1,3,0,2,0.5,0,Northern Zone
27,3,2,2,1,1,28,10,0,8,18,1,3,0,3,0.5,0,Northern Zone
73,3,1,3,1,1,26,17,0,5,4,1,2,0,3,0.5,0,Northern Zone
17,3,1,3,1,2,24,13,0,2,1,1,3,0,3,0.5,0,Northern Zone
1,3,1,2,1,1,23,22,0,9,6,0,4,0,2,0.5,0,Northern Zone
1,3,2,2,0.75,3,23,48,0,6,2,0,3,0,0,0.5,0,Northern Zone
24,3,2,0,0.75,3,20,17,0,8,3,0,2,0,0,0.5,0,Northern Zone
56,3,1,0,0.5,2,26,21,0,6,4,0,2,0,0,0.5,0,Northern Zone
53,3,2,2,1,1,27,10,0,5,2,0,3,0,2,0.5,0,Northern Zone
64,3,2,2,1,2,25,10,0,8,3,0,3,0,2,0.5,0,Northern Zone
70,3,2,2,1,2,22,33,0,0,4,1,3,0,2,0.5,0,Northern Zone
39,3,2,1,1,3,22,10,0,0,2,0,2,0,2,0.5,0,Northern Zone
70,3,1,2,1,2,26,9,0,5,3,1,4,0,2,0.5,0,Northern Zone
59,3,2,2,1,2,20,12,0,2,2,1,2,0,2,0.5,0,Northern Zone
3,3,2,2,1,1,29,26,0,0,9,1,4,0,2,0.5,0,Northern Zone
25,3,1,3,1,1,28,10,0,0,2,1,4,0,3,0.5,0,Northern Zone
78,3,2,2,0.75,1,28,59,0,9,2,1,4,0,2,0.5,0,Northern Zone
97,3,1,3,1,3,23,11,0,8,3,1,4,0,2,0.25,0,Northern Zone
29,3,2,2,0.75,2,19,16,0,5,1,1,2,0,2,0.25,0,Northern Zone
23,3,1,0,0.75,4,23,16,0,5,2,0,3,0,2,0.5,0,Northern Zone
99,3,1,2,1,2,27,16,1,0,6,0,4,0,2,0.5,0,Northern Zone
83,3,2,2,1,2,27,9,0,2,7,1,3,0,2,0.5,0,Northern Zone
24,3,2,2,1,1,22,18,0,8,2,0,2,0,2,0.25,0,Northern Zone
87,3,2,3,1,2,25,8,0,5,10,1,2,0,2,0.75,0,Northern Zone
12,3,2,3,0.5,1,28,10,0,5,3,1,4,0,2,0.5,0,Northern Zone
73,3,1,0,0,4,16,18,0,0,2,0,4,0,0,0.25,0,Northern Zone
59,3,2,2,1,2,20,12,0,2,2,1,2,0,2,0.5,0,Northern Zone
65,5,2,2,1,2,19,15,1,0,9,1,4,0,2,0.5,0,Central Zone
21,5,1,2,1,2,20,9,0,0,2,1,4,0,2,0.75,0,Central Zone
50,5,2,2,0.75,2,23,8,0,9,9,1,2,0,3,0.5,0,Central Zone
73,5,2,2,0.5,3,20,19,0,0,2,1,4,0,2,0.5,0,Central Zone
75,5,2,0,0.25,2,21,3,0,8,2,0,4,0,0,0.5,0,Central Zone
83,5,2,2,1,2,21,21,0,5,2,1,4,0,2,0.5,0,Central Zone
58,5,2,2,0.25,1,19,20,1,0,2,0,4,0,3,1,0,Central Zone
3,5,2,2,0.5,1,20,34,0,5,7,1,4,0,2,0.5,0,Central Zone
69,5,2,2,0.25,2,22,51,0,0,9,1,3,0,3,0.5,0,Central Zone
98,5,2,2,0.25,4,21,28,0,13,2,0,4,0,2,0.5,0,Central Zone
84,5,1,3,1,1,24,56,0,5,2,1,4,0,3,0.5,0,Central Zone
11,5,2,0,0.5,3,27,24,0,0,2,0,2,0,2,0.5,0,Central Zone
69,5,2,2,0.75,2,19,16,0,5,3,1,3,0,2,0.5,0,Central Zone
5,5,2,3,0.25,2,25,28,0,0,2,0,2,0,2,0.75,0,Central Zone
45,5,2,1,0.25,5,21,19,1,1,4,1,4,0,0,0.5,0,Central Zone
88,5,1,3,1,2,25,22,0,5,2,1,3,0,3,0.5,0,Central Zone
76,5,2,2,0.25,1,23,14,1,9,9,1,4,0,2,0.5,0,Central Zone
55,5,1,2,0.25,3,21,13,0,0,11,0,4,0,1,0.5,0,Central Zone
82,5,2,2,0.75,1,23,11,0,5,9,1,9,0,2,0.5,0,Central Zone
61,5,2,3,1,2,24,29,0,5,2,1,4,0,3,0.5,0,Central Zone
93,5,2,3,1,1,22,50,0,5,2,1,4,0,3,0.5,0,Central Zone
24,5,2,3,1,1,29,77,0,0,2,1,4,0,2,0.5,0,Central Zone
83,5,1,2,1,2,23,15,0,8,2,1,4,0,2,0.75,0,Central Zone
73,5,2,3,1,1,23,39,0,5,2,1,4,0,3,0.75,0,Central Zone
38,5,2,2,0.5,1,22,28,0,5,3,1,4,0,3,0.5,0,Central Zone
44,5,1,0,0.75,3,19,14,0,9,2,1,2,0,0,0.5,0,Central Zone
7,5,2,0,0,4,18,34,0,5,9,0,4,0,2,0.5,0,Central Zone
36,5,2,2,0.25,1,23,14,0,0,9,0,2,0,2,0.25,0,Central Zone
76,5,2,2,0.5,2,19,13,0,5,2,1,9,0,2,0.5,0,Central Zone
29,5,2,0,0,7,19,55,1,0,1,0,4,0,0,0.5,0,Central Zone
37,5,1,2,0.25,3,16,11,0,5,2,0,9,0,1,0.75,0,Central Zone
34,5,2,2,0,1,23,996,0,0,1,0,4,0,2,0.5,0,Central Zone
23,5,1,0,1,5,19,15,0,5,2,1,3,0,2,0.5,0,Central Zone
90,5,2,2,0,3,28,58,0,8,2,1,4,0,1,1,0,Central Zone
98,5,2,2,0.25,1,23,24,0,0,2,0,2,0,2,0.5,0,Central Zone
87,5,2,2,0.5,1,22,14,1,9,2,1,4,0,2,0.5,0,Central Zone
75,5,2,2,0.5,4,19,22,0,1,2,0,2,0,2,0.5,0,Central Zone
71,5,2,2,0.5,3,21,14,0,8,2,1,4,0,2,0.5,0,Central Zone
77,5,2,2,0.5,4,21,11,0,9,1,1,4,0,3,0.25,0,Central Zone
61,5,2,2,0.5,2,20,8,0,0,2,1,3,0,2,0.5,0,Central Zone
93,5,2,3,0.5,1,25,14,0,0,9,1,2,0,2,0.5,0,Central Zone
91,5,1,1,1,6,17,23,1,0,19,0,2,0,1,0.5,0,Central Zone
54,5,1,3,1,2,24,41,0,13,2,0,4,0,3,0.5,0,Central Zone
61,5,1,3,1,3,22,18,0,2,2,1,3,0,2,0.5,0,Central Zone
7,5,2,2,0,3,20,14,0,0,1,0,4,0,2,0.5,0,Central Zone
69,5,2,3,0.5,2,21,14,0,5,9,1,4,0,2,0.5,0,Central Zone
61,5,2,2,0.75,3,23,58,0,5,2,1,3,0,2,0.5,0,Central Zone
5,5,2,2,0.5,2,19,10,0,6,7,1,2,0,2,0.25,0,Central Zone
23,5,2,2,0.75,3,19,18,0,6,7,1,4,0,3,0.5,0,Central Zone
82,5,1,1,0.5,2,22,16,0,0,2,1,9,0,0,0.5,0,Central Zone
29,6,1,0,0.25,3,20,12,0,6,2,1,2,0,1,0.5,0,Northern Zone
14,6,2,2,1,1,22,29,1,0,2,0,4,0,2,0.5,0,Northern Zone
44,6,2,2,0.5,3,19,20,0,5,2,0,2,0,3,1,0,Northern Zone
41,6,2,2,1,2,20,19,0,5,2,1,4,0,2,0.5,0,Northern Zone
53,6,2,3,0.75,1,21,86,0,0,2,1,9,0,2,0.5,0,Northern Zone
3,6,2,2,0.75,1,21,15,0,13,2,1,4,0,2,0.5,0,Northern Zone
32,6,2,2,1,2,22,20,0,0,4,1,9,0,2,0.5,0,Northern Zone
77,6,1,2,1,3,20,24,1,1,2,1,3,0,1,0.5,0,Northern Zone
44,6,1,3,1,2,25,9,0,2,2,1,9,0,3,0.5,0,Northern Zone
26,6,2,2,1,3,20,30,0,5,4,1,2,0,1,0.25,0,Northern Zone
21,6,2,1,0.25,3,20,16,0,6,1,0,4,0,2,0.5,0,Northern Zone
80,6,2,0,0.5,2,20,15,0,13,3,0,2,0,1,0.5,0,Northern Zone
52,6,2,2,0.5,4,23,17,0,5,2,1,4,0,2,0.5,0,Northern Zone
1,6,2,0,0.5,4,23,13,0,8,18,1,1,0,2,0.5,0,Northern Zone
96,6,2,2,0.75,5,22,13,0,5,2,1,2,0,3,0.5,0,Northern Zone
44,6,1,3,1,2,22,10,0,5,7,1,4,0,2,0.25,0,Northern Zone
95,6,1,2,1,1,20,14,1,2,7,1,2,0,2,0,0,Northern Zone
27,6,2,0,0.5,3,23,43,1,6,3,0,2,0,0,0,0,Northern Zone
83,6,2,2,0.5,5,20,42,0,0,2,0,3,0,2,0.5,0,Northern Zone
76,6,2,0,0.25,4,19,38,0,9,9,0,2,0,1,0.75,0,Northern Zone
37,6,2,0,0.75,2,21,15,1,8,17,0,2,0,0,0,0,Northern Zone
99,6,2,2,1,2,23,10,0,1,16,1,4,0,2,0.5,0,Northern Zone
53,6,2,2,1,2,21,29,1,0,7,1,3,0,2,0.5,0,Northern Zone
35,6,2,2,1,3,24,18,0,13,2,1,2,0,2,0.5,0,Northern Zone
8,6,2,2,0.75,1,22,9,1,0,2,1,2,0,1,0.5,0,Northern Zone
23,6,1,3,1,2,21,12,1,0,1,1,2,0,3,0.5,0,Northern Zone
15,6,2,0,0.5,8,20,23,0,5,16,0,4,0,0,0.5,0,Northern Zone
53,6,2,3,0.25,1,21,25,0,5,19,1,4,0,3,0.75,0,Northern Zone
32,6,2,0,0,5,19,18,0,9,2,0,3,0,1,0.5,0,Northern Zone
96,6,2,2,0.75,5,22,13,0,5,2,1,2,0,3,0.5,0,Northern Zone
48,6,2,2,0.25,6,23,10,0,8,2,1,4,0,2,0.25,0,Northern Zone
67,6,2,3,0.75,2,23,22,0,8,2,1,2,0,2,0.75,0,Northern Zone
75,6,2,3,1,2,23,19,0,9,2,0,2,0,3,0.5,0,Northern Zone
84,6,2,2,1,2,21,13,0,2,7,1,9,0,3,0.5,0,Northern Zone
93,6,1,2,0.75,1,19,13,0,0,12,0,2,0,1,0.5,0,Northern Zone
81,6,2,2,1,3,21,18,0,8,2,1,4,0,2,0.5,0,Northern Zone
59,6,2,2,0.5,1,25,25,1,8,11,0,3,0,2,0.5,0,Northern Zone
6,6,2,3,1,2,21,10,0,8,3,0,2,0,2,0.5,0,Northern Zone
35,6,2,2,1,3,24,18,0,13,2,1,2,0,2,0.5,0,Northern Zone
22,6,2,0,0.75,4,19,29,0,0,2,0,4,0,1,0.5,0,Northern Zone
56,6,2,1,0.5,2,21,57,1,9,4,0,2,0,2,0.5,0,Northern Zone
19,6,2,3,1,1,28,65,1,5,2,1,4,0,2,0.25,0,Northern Zone
29,6,2,2,0.75,2,25,18,0,1,1,1,2,0,2,0.5,0,Northern Zone
40,6,1,0,0.75,2,22,8,0,5,4,1,3,0,2,0.5,0,Northern Zone
93,6,1,3,1,2,21,24,0,0,19,1,3,0,2,0.5,0,Northern Zone
53,6,2,2,1,2,21,29,1,0,7,1,3,0,2,0.5,0,Northern Zone
56,6,2,3,1,3,20,27,0,0,9,1,4,0,2,0.5,0,Northern Zone
44,6,2,2,0.5,3,19,20,0,5,2,0,2,0,3,0.5,0,Northern Zone
3,6,2,2,1,3,24,11,0,0,2,1,2,0,2,0.5,0,Northern Zone
11,6,2,2,1,2,25,26,1,0,2,0,2,0,2,0.5,0,Northern Zone
38,7,1,2,1,1,21,19,1,5,1,1,3,0,3,0.5,0,Northern Zone
23,7,1,2,1,1,21,55,1,0,2,0,2,0,2,0.5,0,Northern Zone
99,7,1,0,0.5,5,15,27,0,8,10,0,4,0,2,1,0,Northern Zone
3,7,1,2,1,4,19,23,0,5,16,1,4,0,2,0.5,0,Northern Zone
17,7,1,3,1,3,18,15,0,9,2,1,4,0,3,0.5,0,Northern Zone
32,7,1,2,1,2,33,11,1,2,2,1,4,0,2,0.5,0,Northern Zone
32,7,1,0,0.25,4,19,17,0,0,2,0,2,0,0,0.5,0,Northern Zone
81,7,1,2,0.5,3,20,30,0,5,2,0,2,0,3,0.5,0,Northern Zone
66,7,1,3,1,3,19,12,0,5,7,1,2,0,3,1,0,Northern Zone
96,7,1,3,1,1,27,13,0,5,7,1,2,0,3,0.5,0,Northern Zone
3,7,1,2,1,2,19,24,0,5,1,1,3,0,2,0.5,0,Northern Zone
92,7,1,0,0.75,2,18,23,0,2,2,1,3,0,3,0.75,0,Northern Zone
44,7,1,0,0.75,3,19,11,1,5,3,1,3,0,2,0.5,0,Northern Zone
11,7,1,3,1,3,25,9,0,13,2,1,4,0,3,0,0,Northern Zone
48,7,1,0,0.75,4,19,36,1,6,3,0,4,0,0,0.5,0,Northern Zone
53,7,1,3,0.75,2,27,15,0,9,2,1,4,0,3,0.5,0,Northern Zone
75,7,1,2,1,3,18,18,1,0,2,1,4,0,2,0.5,0,Northern Zone
56,7,1,2,0.25,3,22,9,0,5,7,1,3,0,1,0.5,0,Northern Zone
32,7,1,3,0.75,1,29,16,0,0,1,1,3,0,2,0.5,0,Northern Zone
90,7,1,2,1,2,22,22,0,9,3,1,4,0,3,0.5,0,Northern Zone
1,7,1,3,1,2,25,21,0,5,2,1,2,0,2,0.5,0,Northern Zone
94,7,1,2,1,2,21,14,0,5,2,1,9,0,2,0.5,0,Northern Zone
46,7,1,2,0.75,2,20,33,0,8,18,0,9,0,1,0.5,0,Northern Zone
81,7,1,3,1,2,22,30,0,0,3,1,4,0,3,0.5,0,Northern Zone
37,7,1,0,1,2,20,10,0,5,7,1,2,0,0,0.5,0,Northern Zone
71,7,1,1,0.75,2,20,14,0,5,3,1,1,0,2,0.5,0,Northern Zone
37,7,1,0,1,2,20,10,0,5,7,1,2,0,0,0.5,0,Northern Zone
10,7,1,2,1,2,20,17,1,9,7,1,3,0,1,0.5,0,Northern Zone
14,7,1,1,0.5,3,22,33,1,5,9,0,2,0,1,0.5,0,Northern Zone
81,7,1,2,1,3,20,12,1,2,2,0,2,0,2,0.5,0,Northern Zone
27,7,1,3,1,1,24,19,0,9,1,1,4,0,3,0.5,0,Northern Zone
91,7,1,0,0.5,2,24,38,0,9,2,1,4,0,2,0.5,0,Northern Zone
75,7,1,0,0.5,3,23,96,0,5,2,1,9,0,2,0.5,0,Northern Zone
70,7,1,2,1,1,20,12,0,5,2,0,2,0,3,0.5,0,Northern Zone
96,7,1,0,0.5,2,27,57,0,5,7,1,4,0,0,0.5,0,Northern Zone
19,7,1,3,1,2,23,19,1,2,2,1,4,0,3,0.5,0,Northern Zone
64,7,1,2,0.75,2,19,31,1,1,1,1,3,0,2,0.5,0,Northern Zone
14,7,2,3,1,1,27,31,0,5,2,1,4,0,3,0.5,0,Northern Zone
21,7,1,3,1,2,20,14,0,8,2,1,3,0,3,0.5,0,Northern Zone
92,7,1,1,1,2,18,8,0,5,1,1,3,0,2,0.75,0,Northern Zone
46,7,1,2,1,2,23,14,0,5,2,1,4,0,2,0.5,0,Northern Zone
1,7,1,3,1,1,21,10,0,5,2,1,2,0,3,0.5,0,Northern Zone
30,7,1,0,1,3,16,996,1,5,1,1,4,0,2,0.5,0,Northern Zone
50,7,1,2,0.75,2,21,24,0,0,2,1,2,0,2,0.5,0,Northern Zone
6,7,1,0,0.5,2,19,21,0,0,1,1,4,0,2,0.5,0,Northern Zone
52,7,1,3,1,2,31,11,0,0,7,0,4,0,3,0.5,0,Northern Zone
4,7,1,2,1,2,27,62,0,0,4,0,2,0,2,0.5,0,Northern Zone
53,7,1,1,1,4,16,13,0,5,7,1,4,0,2,0.5,0,Northern Zone
67,7,1,2,1,2,20,13,1,0,2,0,2,0,2,0.5,0,Northern Zone
45,7,2,1,0.25,1,23,25,0,0,2,0,2,0,2,0.75,0,Northern Zone
35,8,2,2,0.25,3,20,29,0,0,1,1,4,0,2,0.5,0,Northern Zone
31,8,2,2,1,2,20,32,1,0,2,1,2,0,2,0.5,0,Northern Zone
64,8,2,1,0.5,3,21,5,0,6,7,0,3,0,3,0.5,0,Northern Zone
71,8,2,0,0.25,2,20,25,0,1,2,1,3,0,1,0.5,0,Northern Zone
1,8,2,0,0.5,4,25,58,0,6,9,0,2,0,2,0.5,0,Northern Zone
67,8,2,2,0.25,1,28,19,0,5,3,0,2,0,2,0.5,0,Northern Zone
31,8,2,3,1,1,26,58,1,0,2,1,4,0,3,0.5,0,Northern Zone
7,8,2,2,0.75,2,22,26,0,9,2,1,4,0,2,0.25,0,Northern Zone
59,8,2,2,0.5,3,17,9,0,1,7,1,3,0,2,0.5,0,Northern Zone
87,8,2,2,0.75,3,22,27,0,8,3,0,4,0,3,0.5,0,Northern Zone
1,8,2,0,0.5,1,30,55,0,8,2,0,2,0,0,0.5,0,Northern Zone
28,8,2,2,1,3,23,34,0,6,14,1,3,0,2,0.5,0,Northern Zone
57,8,2,1,0.5,2,21,37,1,6,18,0,4,0,2,0.5,0,Northern Zone
79,8,2,3,1,1,24,20,0,0,2,1,4,0,3,0.5,0,Northern Zone
34,8,1,0,0.75,5,18,27,0,0,1,1,4,0,0,1,0,Northern Zone
93,8,2,2,0.5,2,22,23,1,5,7,0,2,0,2,0.5,0,Northern Zone
50,8,1,0,0.25,3,21,18,0,5,18,0,4,0,2,0,0,Northern Zone
26,8,2,1,0.25,1,21,16,0,0,9,1,2,0,2,0.5,0,Northern Zone
53,8,2,0,0.25,3,18,31,0,0,9,0,4,0,3,0.5,0,Northern Zone
78,8,2,3,0.5,2,25,19,0,5,9,0,4,0,3,0.5,0,Northern Zone
38,8,1,3,1,1,29,28,1,5,3,1,4,0,3,0.25,0,Northern Zone
88,8,1,1,0.25,3,18,50,0,0,3,1,4,0,2,0.5,0,Northern Zone
93,8,2,0,0.25,2,17,20,1,6,2,0,4,0,2,0.5,0,Northern Zone
79,8,2,2,0,2,21,39,0,5,2,1,9,0,1,0.5,0,Northern Zone
77,8,2,1,0.25,5,16,3,0,9,2,1,4,0,2,0.25,0,Northern Zone
27,8,2,0,0,3,23,20,0,0,2,1,3,0,2,0.5,0,Northern Zone
15,8,2,0,0.5,4,31,19,0,6,2,1,2,0,2,0.5,0,Northern Zone
78,8,2,2,0.5,2,21,24,0,6,7,0,4,0,2,0.5,0,Northern Zone
84,8,2,2,0.75,2,18,25,0,0,2,0,2,0,2,0.5,0,Northern Zone
3,8,1,1,1,3,18,26,0,5,2,1,3,0,3,0.5,0,Northern Zone
48,8,1,3,1,2,27,23,0,0,2,1,2,0,3,0.5,0,Northern Zone
28,8,2,2,1,2,25,50,0,5,2,0,2,0,2,0.5,0,Northern Zone
41,8,1,0,0.75,3,20,9,0,6,2,1,4,0,2,0.5,0,Northern Zone
31,8,2,2,0.75,2,24,9,0,8,2,1,4,0,2,0.5,0,Northern Zone
71,8,2,2,0.5,6,19,18,1,5,1,1,3,0,1,1,0,Northern Zone
33,8,2,0,0.25,5,17,17,0,9,7,1,4,0,0,1,0,Northern Zone
39,8,2,0,0,3,21,29,0,9,18,0,4,0,0,0.5,0,Northern Zone
39,8,1,1,0.25,3,21,37,0,6,2,1,1,0,2,0.5,0,Northern Zone
31,8,2,2,0.75,2,24,9,0,8,2,1,4,0,2,0.5,0,Northern Zone
15,8,2,2,0.75,2,21,22,0,13,18,1,4,0,2,0.25,0,Northern Zone
98,8,2,0,0.25,2,23,27,0,0,2,1,4,0,0,0.5,0,Northern Zone
69,8,2,2,1,3,21,23,0,6,2,1,3,0,2,0.5,0,Northern Zone
56,8,2,2,0.25,1,21,11,0,5,18,1,2,0,1,0.5,0,Northern Zone
65,8,2,1,0.5,3,18,12,0,3,2,0,2,0,2,0.5,0,Northern Zone
83,8,2,2,0.5,3,19,13,0,9,2,1,3,0,2,0.75,0,Northern Zone
76,8,2,3,1,2,18,12,1,5,2,1,4,0,3,0.5,0,Northern Zone
52,8,2,3,0.5,1,19,10,0,0,9,0,2,0,3,0.5,0,Northern Zone
11,8,2,3,0.75,2,22,15,0,6,3,1,4,0,3,0.5,0,Northern Zone
22,8,2,1,0,3,24,81,0,0,14,0,2,0,2,0.5,0,Northern Zone
55,8,2,2,0.5,2,27,61,0,0,2,0,2,0,2,0.5,0,Northern Zone
62,9,2,2,0.75,2,24,12,0,9,11,1,4,0,2,0.25,0,Central Zone
73,9,2,2,0.25,2,24,13,0,5,2,1,3,0,2,0.5,0,Central Zone
21,9,2,0,0.25,3,20,41,0,5,9,0,2,0,2,0.5,0,Central Zone
67,9,2,0,0,3,26,99,0,8,18,0,2,0,2,0,0,Central Zone
1,9,2,2,0,3,21,16,0,0,11,1,2,0,0,0,0,Central Zone
16,9,2,0,0,9,21,68,0,5,1,0,4,0,0,0.5,0,Central Zone
84,9,1,2,1,1,22,19,0,13,2,1,3,0,2,0.5,0,Central Zone
38,9,2,0,0.25,9,18,21,0,1,15,1,2,0,0,0.5,0,Central Zone
20,9,2,1,0.25,2,20,12,1,0,9,1,4,0,3,0.5,0,Central Zone
81,9,2,2,0.5,3,23,33,1,8,2,1,2,0,2,0.25,0,Central Zone
4,9,1,3,1,2,23,9,0,8,9,0,4,0,8,0.5,0,Central Zone
78,9,2,2,0.25,1,23,26,0,5,3,1,4,0,2,0.25,0,Central Zone
29,9,2,2,0.5,2,16,29,0,8,9,1,3,0,2,0.5,0,Central Zone
14,9,2,2,0.5,2,20,15,0,8,9,1,4,0,1,0,0,Central Zone
21,9,2,0,0.25,4,21,50,0,6,3,0,4,0,2,0.5,0,Central Zone
81,9,2,3,0.25,2,23,28,0,5,11,1,4,0,2,0.5,0,Central Zone
59,9,2,2,0.25,4,20,57,0,0,9,0,4,0,2,0.5,0,Central Zone
23,9,2,0,0.5,3,25,996,0,5,2,1,2,0,1,0.5,0,Central Zone
73,9,2,1,0.75,2,28,46,0,3,9,1,3,0,2,0.5,0,Central Zone
27,9,2,2,0.25,1,21,16,0,0,11,1,3,0,3,0.5,0,Central Zone
82,9,1,2,0.5,2,23,27,0,1,11,1,2,0,2,0.5,0,Central Zone
64,9,2,0,0.5,3,24,35,0,5,9,1,3,0,0,0.5,0,Central Zone
11,9,2,2,0.5,1,22,16,0,0,2,1,3,0,2,0.5,0,Central Zone
25,9,2,0,0.25,6,21,28,0,8,2,1,3,0,2,1,0,Central Zone
52,9,2,2,0.75,3,20,68,0,0,2,0,2,0,2,0.5,0,Central Zone
53,9,2,1,0.25,3,20,49,0,0,2,0,3,0,2,0.5,0,Central Zone
59,9,2,1,0,2,28,49,0,5,11,0,2,0,2,0.5,0,Central Zone
31,9,2,2,0.25,1,23,10,0,9,9,0,4,0,0,0.5,0,Central Zone
89,9,2,2,0.5,3,21,18,0,6,7,1,4,0,2,0,0,Central Zone
99,9,2,2,1,2,20,11,1,0,14,0,2,0,2,0.5,0,Central Zone
96,9,2,2,0.25,3,23,54,0,1,9,1,4,0,2,0.5,0,Central Zone
21,9,1,2,1,3,18,13,1,5,1,1,2,0,1,0.5,0,Central Zone
92,9,2,0,0,5,20,0,0,1,3,0,4,0,0,0.5,0,Central Zone
41,9,2,2,0.25,3,19,996,0,5,1,0,2,0,2,0.5,0,Central Zone
54,9,1,2,1,2,19,11,0,0,2,1,3,0,1,0.5,0,Central Zone
5,9,2,0,0,6,20,10,0,0,9,0,3,0,1,0.5,0,Central Zone
65,9,1,3,1,2,19,30,0,8,18,1,4,0,3,0.5,0,Central Zone
53,9,2,0,0.25,3,19,9,0,0,2,1,4,0,2,0.5,0,Central Zone
83,9,2,0,0,5,17,21,0,2,7,1,2,0,0,0.5,0,Central Zone
67,9,1,2,0.25,2,22,16,1,13,6,1,9,0,2,0.5,0,Central Zone
29,9,2,2,0.75,3,18,24,0,0,10,0,3,0,2,0.5,0,Central Zone
61,9,2,2,0.25,5,18,49,0,0,4,1,4,0,2,0.25,0,Central Zone
45,9,2,0,0,2,21,23,0,13,2,0,2,0,2,0.25,0,Central Zone
51,9,2,2,0,3,19,22,0,8,2,1,4,0,3,0.5,0,Central Zone
80,9,2,1,0.25,2,20,26,1,0,9,0,2,0,1,0.5,0,Central Zone
48,9,2,1,0.75,2,25,91,1,5,2,1,4,0,2,0.5,0,Central Zone
58,9,2,2,0.25,2,17,35,0,0,9,1,4,0,2,0,0,Central Zone
23,9,2,0,0.5,3,25,996,0,5,2,1,2,0,1,0.5,0,Central Zone
61,9,2,2,0.5,2,21,126,0,0,10,1,3,0,2,0.5,0,Central Zone
60,9,2,2,0.75,2,23,67,1,0,9,1,2,0,2,0.5,0,Central Zone
92,10,2,0,0,4,21,31,0,8,1,0,2,0,2,0.75,0,Eastern Zone
22,10,2,2,0.25,2,19,47,0,0,9,1,4,0,2,0.75,0,Eastern Zone
1,10,1,1,0.5,3,17,27,0,8,11,0,2,0,2,0.5,0,Eastern Zone
89,10,2,2,0.75,4,21,13,0,8,1,1,3,0,2,0,0,Eastern Zone
83,10,2,2,0,1,20,10,0,3,1,0,3,0,2,0.5,0,Eastern Zone
34,10,1,2,0.25,2,18,40,0,0,2,1,2,0,3,0.5,0,Eastern Zone
68,10,2,0,0,4,17,55,1,6,1,0,4,0,0,0.5,0,Eastern Zone
68,10,2,3,1,2,25,16,0,9,1,1,2,0,3,0,0,Eastern Zone
21,10,2,2,0.25,2,20,21,0,5,9,1,4,0,0,0,0,Eastern Zone
96,10,2,0,0,5,22,31,0,6,9,0,4,0,1,1,0,Eastern Zone
99,10,2,1,0.25,4,18,996,0,6,2,1,2,0,2,0.25,0,Eastern Zone
3,10,1,0,0.25,8,23,11,0,0,9,1,1,0,0,0.5,0,Eastern Zone
95,10,2,0,0,3,18,62,0,13,1,1,3,0,0,0.5,0,Eastern Zone
58,10,2,2,0.25,2,23,40,1,0,1,0,3,0,2,0.5,0,Eastern Zone
86,10,2,0,0.25,3,20,19,0,0,1,0,3,0,1,0,0,Eastern Zone
1,10,2,0,0.25,1,19,11,0,0,1,0,2,0,0,0.5,0,Eastern Zone
39,10,2,1,0.5,5,19,18,1,0,16,1,4,0,2,0.5,0,Eastern Zone
78,10,2,2,0,1,21,45,0,0,14,1,4,0,2,0.5,0,Eastern Zone
96,10,2,0,0,4,16,27,0,0,2,0,2,0,2,0.5,0,Eastern Zone
90,10,2,0,0.25,4,24,33,0,6,9,1,2,0,0,0,0,Eastern Zone
61,10,2,0,0,6,20,23,0,9,3,0,2,0,0,0.5,0,Eastern Zone
32,10,2,2,0,6,24,37,0,6,9,1,1,0,3,0.75,0,Eastern Zone
79,10,1,2,0.5,2,19,15,0,8,4,1,2,0,2,0.5,0,Eastern Zone
16,10,2,0,0,3,22,22,1,0,9,0,3,0,0,0.75,0,Eastern Zone
24,10,2,2,0,3,20,12,0,0,3,0,2,0,2,0.25,0,Eastern Zone
1,10,2,0,0,3,20,14,0,0,9,0,2,0,2,0.5,0,Eastern Zone
96,10,2,0,0,5,22,31,0,6,9,0,4,0,1,1,0,Eastern Zone
8,10,2,2,0.5,3,25,34,1,0,14,0,3,0,2,0.5,0,Eastern Zone
37,10,2,0,0.25,6,19,23,0,8,1,0,2,0,3,1,0,Eastern Zone
44,10,2,2,0.25,2,22,33,0,5,2,0,2,0,3,0.5,0,Eastern Zone
15,10,2,3,0.5,2,20,17,1,8,14,0,4,0,2,0.5,0,Eastern Zone
58,10,2,0,0,1,23,67,0,0,9,0,4,0,0,0.5,0,Eastern Zone
30,10,2,2,0,3,19,5,0,0,9,0,2,0,1,0.5,0,Eastern Zone
93,10,2,1,0,3,21,31,0,9,9,0,3,0,1,0.5,0,Eastern Zone
73,10,2,0,0.25,3,20,18,0,8,1,1,3,0,0,0.5,0,Eastern Zone
19,10,2,2,0,2,17,28,0,0,4,0,2,0,2,0.5,0,Eastern Zone
46,10,2,1,0,3,20,78,1,0,2,0,2,0,1,0.5,0,Eastern Zone
27,10,2,3,0.75,2,18,12,0,8,9,1,4,0,1,0.5,0,Eastern Zone
90,10,2,0,0,1,21,28,0,5,9,0,2,0,1,0.5,0,Eastern Zone
27,10,2,0,0.25,2,21,38,0,9,3,0,3,0,0,0.5,0,Eastern Zone
78,10,2,0,0,4,26,115,0,5,3,0,2,0,2,0.5,0,Eastern Zone
60,10,2,0,0,3,30,67,0,13,9,0,4,0,0,0.75,0,Eastern Zone
58,10,2,0,0,6,25,62,0,0,11,0,2,0,0,0.5,0,Eastern Zone
86,10,2,0,0,6,15,13,0,6,9,0,4,0,2,0.5,0,Eastern Zone
61,10,2,3,0.75,3,28,46,0,6,2,1,2,0,3,0.5,0,Eastern Zone
51,10,2,2,0.25,3,17,31,0,0,2,0,2,0,2,0.5,0,Eastern Zone
72,10,2,3,0,1,32,111,1,5,14,0,4,0,2,0.5,0,Eastern Zone
20,10,2,0,0,2,26,84,1,0,14,0,4,0,2,0.5,0,Eastern Zone
39,10,2,2,0.25,2,16,21,0,0,2,0,3,0,1,0.5,0,Eastern Zone
36,10,2,2,0.75,1,23,26,0,13,2,1,4,0,3,0.5,0,Eastern Zone
93,12,1,2,0.5,1,19,8,0,5,3,1,4,0,2,0.5,0,North Eastern Zone
78,12,2,1,0.25,2,20,29,0,9,3,0,4,0,2,0.5,0,North Eastern Zone
34,12,2,2,0.5,2,27,27,0,0,2,0,2,0,2,0.5,0,North Eastern Zone
83,12,2,2,0.5,2,24,45,0,0,3,1,2,0,2,0.5,0,North Eastern Zone
44,12,1,2,0.25,2,18,11,0,2,7,1,4,0,2,0.5,0,North Eastern Zone
69,12,2,3,0.25,1,19,27,0,2,3,0,3,0,3,0.5,0,North Eastern Zone
28,12,1,2,0.5,2,17,10,0,0,2,1,3,0,2,0.5,0,North Eastern Zone
52,12,2,1,0.75,2,19,17,0,1,2,1,4,0,2,0.5,0,North Eastern Zone
69,12,2,2,1,3,19,34,0,9,18,0,4,0,2,0.5,0,North Eastern Zone
81,12,2,2,0.25,1,19,22,0,0,3,1,4,0,2,0.5,0,North Eastern Zone
59,12,2,3,0.25,1,24,13,0,5,7,0,4,0,2,0.5,0,North Eastern Zone
56,12,2,2,0,1,20,19,0,0,2,1,4,0,2,0.5,0,North Eastern Zone
86,12,2,2,0.25,2,23,6,0,8,9,0,2,0,2,0.25,1,North Eastern Zone
78,12,2,2,0.25,2,15,25,0,6,9,0,4,0,2,0.5,0,North Eastern Zone
92,12,2,0,0.25,2,19,57,0,6,2,1,2,0,0,0.5,0,North Eastern Zone
83,12,1,2,0.5,2,17,11,0,1,7,1,2,0,0,0.5,0,North Eastern Zone
23,12,2,1,0.25,2,24,10,0,0,1,0,2,0,2,0.25,0,North Eastern Zone
66,12,2,0,0,1,20,22,0,0,2,0,1,0,2,0,1,North Eastern Zone
29,12,1,1,0.25,4,21,21,0,2,2,0,2,0,1,0.5,1,North Eastern Zone
10,12,2,0,0,3,22,16,0,1,2,0,4,0,1,0.5,0,North Eastern Zone
32,12,2,2,0,3,25,4,0,2,1,1,4,0,2,0,0,North Eastern Zone
12,12,2,0,0.5,1,21,7,0,0,6,0,4,0,0,0.5,0,North Eastern Zone
20,12,2,2,0,3,19,10,0,1,98,1,4,0,0,0.5,0,North Eastern Zone
45,12,2,3,0.75,2,24,12,0,1,2,0,2,0,2,0.5,0,North Eastern Zone
92,12,2,2,0.5,3,17,19,0,1,16,1,4,0,2,0.5,0,North Eastern Zone
22,12,2,2,0.5,2,23,11,0,6,2,1,3,0,2,0.5,0,North Eastern Zone
16,12,2,1,0.5,4,13,27,0,1,9,0,4,0,2,0.5,0,North Eastern Zone
33,12,2,2,0.5,1,22,20,0,0,13,1,4,0,2,0.5,0,North Eastern Zone
96,12,2,2,0.5,3,14,12,0,0,2,1,4,0,2,0.5,0,North Eastern Zone
89,12,1,2,0.5,1,20,12,0,9,9,1,4,0,2,0.5,0,North Eastern Zone
91,12,2,0,0.25,2,23,6,0,6,3,1,2,0,0,0.5,0,North Eastern Zone
27,12,2,1,0,3,31,17,0,9,9,0,4,0,2,0.5,0,North Eastern Zone
29,12,1,1,0.25,4,21,21,0,2,2,0,2,0,1,0.5,1,North Eastern Zone
68,12,2,2,0,3,21,3,1,0,2,0,4,0,1,0.5,1,North Eastern Zone
10,12,1,2,0.75,3,19,26,0,0,2,0,4,0,2,0.5,0,North Eastern Zone
77,12,2,2,0.25,1,26,13,0,0,2,0,4,0,3,0.25,0,North Eastern Zone
10,12,2,2,0.25,2,23,14,0,13,2,1,4,0,2,0.5,1,North Eastern Zone
45,12,2,3,0.75,2,24,12,0,1,2,0,2,0,2,0.25,0,North Eastern Zone
22,12,2,0,0,2,15,5,0,5,2,0,4,0,0,0.75,1,North Eastern Zone
40,12,2,2,0.5,1,18,13,0,2,15,1,2,0,2,0.5,0,North Eastern Zone
64,12,2,2,0.5,2,16,13,0,1,4,1,2,0,2,0,0,North Eastern Zone
28,12,1,2,0.75,1,23,13,1,16,3,0,3,0,3,0.25,1,North Eastern Zone
14,12,2,3,0.5,2,22,10,0,1,2,1,4,0,3,0.5,0,North Eastern Zone
23,12,2,2,0.25,2,22,25,0,2,1,1,4,0,2,0,1,North Eastern Zone
94,12,2,2,0.5,4,22,20,0,1,2,1,4,0,2,0.5,1,North Eastern Zone
29,12,1,2,0.75,1,20,10,1,0,2,1,4,0,2,0,0,North Eastern Zone
31,12,2,2,0.25,2,20,3,0,9,2,0,4,0,2,0.5,1,North Eastern Zone
63,12,2,2,0.5,1,29,9,0,2,7,0,4,0,2,0.5,1,North Eastern Zone
66,12,1,2,0.5,2,23,18,0,0,9,1,2,0,1,0.5,0,North Eastern Zone
26,12,2,2,0,4,19,14,0,2,2,0,4,0,2,0.75,0,North Eastern Zone
16,13,2,2,0.75,1,31,13,0,0,2,1,4,0,3,0.5,0,North Eastern Zone
15,13,1,3,0.25,2,27,10,0,9,7,0,4,0,2,0.5,0,North Eastern Zone
59,13,2,3,0.75,3,29,13,1,6,2,0,4,0,3,0.5,0,North Eastern Zone
58,13,2,2,0,3,18,2,0,2,7,1,4,0,2,0.5,0,North Eastern Zone
57,13,2,2,0.25,2,24,10,0,2,2,0,4,0,2,0.5,0,North Eastern Zone
50,13,1,2,0.25,2,22,21,0,2,2,0,4,0,2,0.5,0,North Eastern Zone
55,13,2,2,0.25,5,17,15,0,2,2,0,2,0,1,0.5,0,North Eastern Zone
59,13,2,2,0.25,3,28,9,0,8,2,1,4,0,2,0.5,0,North Eastern Zone
15,13,2,1,0,4,22,14,0,9,2,0,4,0,2,0.5,0,North Eastern Zone
14,13,2,2,0,2,22,9,0,1,2,0,3,0,2,0.5,0,North Eastern Zone
95,13,1,2,0.5,3,23,9,0,9,2,0,3,0,2,0.5,0,North Eastern Zone
68,13,2,3,0.75,2,28,11,1,0,2,1,2,0,3,0.5,0,North Eastern Zone
16,13,2,1,0,3,30,6,0,9,6,0,2,0,1,0.5,0,North Eastern Zone
15,13,1,3,0.25,2,27,10,0,9,7,0,4,0,2,0.5,0,North Eastern Zone
82,13,1,3,0.75,2,32,15,0,13,2,1,4,0,3,0.5,0,North Eastern Zone
44,13,2,1,0.25,2,21,30,0,9,2,1,4,0,1,0.5,0,North Eastern Zone
95,13,1,2,0.5,3,23,9,0,9,2,0,3,0,2,0.5,0,North Eastern Zone
98,13,1,2,0.75,2,20,9,0,9,14,1,4,0,2,0.5,0,North Eastern Zone
92,13,2,2,0,1,30,17,0,8,2,0,4,0,1,0.5,0,North Eastern Zone
45,13,2,2,0,4,18,8,0,1,4,0,4,0,2,0.5,0,North Eastern Zone
57,13,2,2,0.5,3,20,10,0,0,2,0,2,0,2,0.5,0,North Eastern Zone
77,13,1,2,0.5,2,15,9,0,9,2,0,1,0,2,0.5,0,North Eastern Zone
24,13,2,2,0.25,3,24,15,0,0,2,1,2,0,3,0,0,North Eastern Zone
48,13,1,3,0.25,2,23,11,0,9,7,0,4,0,2,0.5,0,North Eastern Zone
18,13,2,2,0.25,3,20,13,0,1,3,0,3,0,1,0.5,0,North Eastern Zone
29,13,2,2,0.25,2,20,13,0,0,14,0,4,0,2,0.5,0,North Eastern Zone
16,13,2,2,0,4,21,14,0,0,7,0,2,0,2,0.5,0,North Eastern Zone
13,13,2,2,0,4,24,9,0,0,2,1,4,0,2,0.5,0,North Eastern Zone
58,13,2,2,0,3,22,24,1,0,2,0,4,0,2,0.5,0,North Eastern Zone
57,13,2,0,0,2,19,59,0,9,9,0,4,0,0,0.5,0,North Eastern Zone
50,13,2,2,0,4,17,18,0,0,2,0,3,0,2,0.5,0,North Eastern Zone
66,13,2,2,0.5,2,25,18,0,2,3,1,4,0,2,0.5,0,North Eastern Zone
90,13,1,2,0.5,1,27,14,0,0,2,0,2,0,2,0.25,0,North Eastern Zone
3,13,2,2,0.25,3,20,2,1,2,2,1,3,0,2,0.25,0,North Eastern Zone
20,13,2,1,0,2,22,21,0,5,6,0,2,0,1,0.5,0,North Eastern Zone
65,13,2,2,0,4,23,4,0,9,2,0,4,0,1,0.5,0,North Eastern Zone
44,13,1,2,0,3,18,8,0,0,2,0,3,0,2,0,0,North Eastern Zone
16,13,2,2,0,1,33,15,0,0,2,0,3,0,2,0.5,0,North Eastern Zone
79,13,1,3,0.75,2,24,8,1,5,2,0,4,0,3,0.5,0,North Eastern Zone
29,13,2,2,0.25,3,23,15,0,1,7,0,3,0,2,0.5,0,North Eastern Zone
99,13,1,2,0.5,2,21,27,0,9,4,0,4,0,2,0.5,0,North Eastern Zone
99,13,1,2,0.25,1,28,2,0,9,2,0,4,0,3,0.5,0,North Eastern Zone
59,13,2,2,0.25,3,28,9,0,8,2,1,4,0,2,0.5,0,North Eastern Zone
19,13,2,2,0.75,2,20,10,0,9,3,1,3,0,2,0.5,0,North Eastern Zone
11,13,2,2,0,5,17,15,0,9,3,1,4,0,2,0.5,0,North Eastern Zone
12,13,2,0,0,3,23,21,0,2,17,0,3,0,0,0.25,0,North Eastern Zone
1,13,1,1,0.25,4,22,17,0,5,1,0,2,0,2,0.5,0,North Eastern Zone
11,13,1,3,0.75,1,30,15,0,9,14,1,4,0,2,0.5,0,North Eastern Zone
71,13,2,1,0,2,24,87,0,1,2,0,4,0,1,0.5,0,North Eastern Zone
73,13,2,2,0,2,17,15,0,0,2,0,4,0,2,0.5,0,North Eastern Zone
90,14,2,2,0.25,4,26,44,0,9,9,0,4,0,2,0.5,0,North Eastern Zone
11,14,1,2,0.5,2,20,14,0,9,7,0,3,0,2,0.5,0,North Eastern Zone
11,14,2,2,0,5,18,10,0,6,7,0,4,0,1,0.5,0,North Eastern Zone
19,14,2,2,0.5,3,35,6,1,0,9,1,4,0,2,0.5,0,North Eastern Zone
46,14,2,2,0.5,2,37,996,1,9,2,0,9,0,2,0.5,0,North Eastern Zone
29,14,2,2,0.5,1,23,12,0,9,2,1,3,0,2,1,0,North Eastern Zone
68,14,2,1,0,3,19,13,0,9,2,0,4,0,2,0.5,0,North Eastern Zone
64,14,2,2,0.5,3,15,17,0,0,2,0,4,0,2,0.25,0,North Eastern Zone
4,14,2,2,0,4,25,10,0,9,2,0,2,0,1,0.75,0,North Eastern Zone
46,14,2,2,0.5,3,22,54,1,0,1,0,4,0,2,0.5,0,North Eastern Zone
27,14,1,2,0.75,2,16,10,1,5,7,0,4,0,2,0.25,0,North Eastern Zone
22,14,2,2,0,2,20,37,0,0,8,0,4,0,2,0.75,0,North Eastern Zone
92,14,2,2,0.25,2,24,5,0,0,18,1,4,0,2,0.5,0,North Eastern Zone
96,14,2,1,0.25,1,24,10,0,9,8,0,3,0,2,0.5,0,North Eastern Zone
93,14,1,2,0.5,2,21,12,1,9,2,0,4,0,2,0.5,0,North Eastern Zone
32,14,1,2,0.25,7,17,10,0,0,3,0,4,0,2,0.5,0,North Eastern Zone
34,14,2,1,0,8,18,45,0,0,2,0,4,0,1,0.5,0,North Eastern Zone
77,14,2,2,0.75,2,32,7,0,9,2,0,4,0,2,0.5,0,North Eastern Zone
69,14,1,3,0.75,1,30,18,1,5,16,0,3,0,3,0.5,0,North Eastern Zone
4,14,2,2,0,4,25,10,0,9,2,0,2,0,1,0.5,0,North Eastern Zone
27,14,1,2,0.75,2,16,10,1,5,7,0,4,0,2,0.25,0,North Eastern Zone
38,14,1,2,0.75,2,19,14,0,5,7,1,4,0,2,0.5,0,North Eastern Zone
58,14,2,2,0,2,35,11,0,0,2,0,4,0,2,0.5,0,North Eastern Zone
16,14,2,2,0.25,2,18,21,1,8,9,0,4,0,1,0,0,North Eastern Zone
52,14,2,2,0,4,22,20,0,8,2,0,4,0,2,0.5,0,North Eastern Zone
30,14,2,2,0,8,16,13,1,0,1,0,3,0,2,0.5,0,North Eastern Zone
61,14,2,2,0.25,2,17,14,0,9,8,0,4,0,2,0.25,0,North Eastern Zone
98,14,2,2,0.25,2,21,13,0,9,1,0,4,0,1,0.5,0,North Eastern Zone
1,14,2,2,0.5,2,17,9,0,0,2,0,4,0,2,0.75,0,North Eastern Zone
12,14,2,2,0.5,1,17,11,0,0,9,0,4,0,2,0.5,0,North Eastern Zone
49,14,2,2,0.25,2,19,10,0,5,9,1,4,0,3,0.5,0,North Eastern Zone
79,14,1,2,0.5,3,18,11,0,9,2,1,4,0,2,0.5,0,North Eastern Zone
65,14,2,2,0.25,2,23,16,0,9,2,0,3,0,2,0.75,0,North Eastern Zone
54,14,1,3,0.25,3,26,9,0,9,3,1,4,0,3,1,0,North Eastern Zone
62,14,2,0,0.25,1,20,12,1,0,2,0,3,0,2,0.25,0,North Eastern Zone
83,14,2,1,0.25,2,25,27,1,9,2,0,4,0,2,0.25,0,North Eastern Zone
27,14,1,2,0,2,25,11,0,9,8,0,4,0,2,0.5,0,North Eastern Zone
57,14,2,2,0.25,2,26,12,0,8,14,0,2,0,3,0.5,0,North Eastern Zone
78,14,2,1,0,2,18,23,0,0,2,0,4,0,1,0.5,0,North Eastern Zone
99,14,1,2,0.75,2,18,17,1,9,1,0,4,0,3,0.5,0,North Eastern Zone
77,14,2,2,0.25,2,27,10,0,9,2,0,4,0,2,0.5,0,North Eastern Zone
22,14,2,2,0.25,7,22,11,0,6,1,0,3,0,3,0.5,0,North Eastern Zone
11,14,2,2,0.75,2,18,40,1,0,9,0,4,0,3,0.5,0,North Eastern Zone
80,14,2,2,0.5,3,27,42,1,9,1,0,4,0,2,0.25,0,North Eastern Zone
6,14,1,2,0.25,1,18,16,1,9,1,1,2,0,2,0.75,0,North Eastern Zone
89,14,2,2,0.25,2,18,13,1,9,1,0,4,0,2,0.5,0,North Eastern Zone
17,14,2,1,0,5,19,12,1,9,4,0,2,0,0,0.5,0,North Eastern Zone
45,14,2,2,0.25,2,18,29,0,9,2,0,2,0,2,0.5,0,North Eastern Zone
38,14,1,2,0.75,1,34,9,0,0,9,1,3,0,3,0.25,0,North Eastern Zone
49,14,1,3,0.5,2,27,24,0,0,9,0,4,0,2,0.25,0,North Eastern Zone
44,15,1,2,0.75,2,20,8,0,0,2,1,4,0,3,0.5,0,North Eastern Zone
58,15,2,3,0.5,2,23,27,0,0,4,0,4,0,2,0.5,0,North Eastern Zone
67,15,2,2,0.5,1,27,9,0,0,4,0,4,0,2,0.5,0,North Eastern Zone
57,15,2,2,0,2,17,9,0,1,2,1,4,0,2,0.5,0,North Eastern Zone
93,15,2,2,0.5,2,21,4,0,1,11,1,3,0,2,0.5,0,North Eastern Zone
42,15,1,1,0.5,3,19,20,0,0,2,0,3,0,8,0.5,0,North Eastern Zone
91,15,2,1,0.25,6,18,10,0,0,2,0,4,0,2,0.5,0,North Eastern Zone
21,15,2,2,0.75,2,20,14,0,1,2,0,4,0,2,0.5,0,North Eastern Zone
7,15,2,2,0.5,3,22,17,0,5,3,0,4,0,1,0.5,0,North Eastern Zone
26,15,1,1,0.25,4,22,7,0,1,2,1,4,0,2,0.5,0,North Eastern Zone
29,15,2,3,0.75,4,24,24,0,0,2,0,4,0,2,0.5,0,North Eastern Zone
68,15,2,1,0.25,2,23,996,0,0,16,0,4,0,1,0.5,0,North Eastern Zone
26,15,1,2,0.75,2,18,8,0,2,2,0,4,0,3,0.5,0,North Eastern Zone
33,15,2,2,0.5,3,21,5,0,0,2,0,2,0,2,0.5,0,North Eastern Zone
57,15,2,1,0,3,19,29,0,0,2,0,3,0,0,0.5,0,North Eastern Zone
52,15,1,3,0.5,2,25,28,0,0,2,0,3,0,2,0.5,0,North Eastern Zone
19,15,2,2,0.25,4,20,15,0,0,2,0,4,0,2,0.5,0,North Eastern Zone
23,15,1,2,0.75,1,30,9,0,0,4,1,2,0,2,0.5,0,North Eastern Zone
78,15,2,1,0.5,3,23,18,0,0,2,0,4,0,2,0.5,0,North Eastern Zone
70,15,1,2,0.75,1,18,996,0,0,14,0,3,0,2,0.75,0,North Eastern Zone
4,15,1,2,0.5,2,20,27,0,0,2,0,2,0,2,0.5,0,North Eastern Zone
57,15,2,2,0.5,1,20,5,0,0,14,1,3,0,3,0.5,0,North Eastern Zone
7,15,2,1,0.75,2,20,21,0,9,2,0,3,0,2,0.75,0,North Eastern Zone
34,15,2,2,0.25,4,21,15,0,6,2,0,4,0,0,0.75,0,North Eastern Zone
48,15,2,3,0.5,1,28,17,0,0,2,1,4,0,2,0.5,0,North Eastern Zone
3,15,2,3,0.5,2,27,9,0,1,2,0,2,0,2,0.5,0,North Eastern Zone
62,15,1,3,1,3,23,19,0,1,8,1,3,0,8,0.5,0,North Eastern Zone
5,15,1,2,0.75,3,22,20,0,0,2,1,4,0,2,0.5,0,North Eastern Zone
49,15,1,2,0.75,2,21,24,0,9,2,1,4,0,3,0.5,0,North Eastern Zone
12,15,2,2,0.25,4,19,4,0,0,2,0,3,0,2,0.5,0,North Eastern Zone
38,15,2,2,0.5,2,23,4,0,1,2,0,3,0,2,0.75,0,North Eastern Zone
11,15,2,2,0.5,3,20,4,0,0,14,0,4,0,2,0.5,0,North Eastern Zone
30,15,1,2,0.75,2,21,5,0,1,2,0,4,0,2,0.5,0,North Eastern Zone
70,15,1,2,0.75,2,29,1,0,1,2,1,4,0,2,0.5,0,North Eastern Zone
6,15,2,2,0.75,1,21,4,1,0,2,1,4,0,2,0.5,0,North Eastern Zone
3,15,2,3,0.5,2,27,9,0,1,2,0,2,0,2,0.5,0,North Eastern Zone
5,15,1,2,0.75,4,18,996,0,6,2,1,4,0,2,0.5,0,North Eastern Zone
93,15,2,2,0.5,2,21,4,0,1,11,1,3,0,2,0.25,0,North Eastern Zone
26,15,1,1,0.25,4,22,7,0,1,2,1,4,0,2,0.5,0,North Eastern Zone
78,15,2,2,0.75,4,21,996,0,1,8,1,4,0,2,0.5,0,North Eastern Zone
91,15,2,1,0.25,6,18,10,0,0,2,0,4,0,2,0.5,0,North Eastern Zone
59,15,1,2,0.75,2,19,10,0,0,4,1,4,0,2,0.5,0,North Eastern Zone
78,15,2,1,0.5,3,23,18,0,0,2,0,4,0,2,0.5,0,North Eastern Zone
92,15,1,1,0.5,2,23,15,0,0,2,1,2,0,2,0.5,0,North Eastern Zone
87,15,2,2,0,3,25,18,0,0,2,1,4,0,2,0.5,0,North Eastern Zone
44,15,1,2,0.75,4,19,17,0,0,2,0,4,0,2,0.5,0,North Eastern Zone
16,15,1,2,0.75,4,19,5,0,0,2,1,3,0,3,0.5,0,North Eastern Zone
44,15,1,2,1,2,25,16,0,0,2,1,4,0,2,0.5,0,North Eastern Zone
43,15,1,2,1,3,22,3,0,1,2,0,2,0,3,0.25,0,North Eastern Zone
73,15,2,2,0.25,1,22,996,0,0,15,0,4,0,2,0.5,0,North Eastern Zone
70,16,2,2,0,3,20,12,0,0,2,0,2,0,2,0.5,0,North Eastern Zone
19,16,2,2,0.75,2,21,20,0,0,2,1,4,0,2,0.5,0,North Eastern Zone
11,16,1,1,0.25,2,18,23,0,1,3,0,4,0,1,0.75,0,North Eastern Zone
29,16,2,2,0.25,1,17,15,0,0,4,0,4,0,1,0.5,0,North Eastern Zone
35,16,2,1,0,2,18,15,0,8,14,0,3,0,1,1,0,North Eastern Zone
14,16,1,1,0.25,2,19,10,0,13,1,0,2,0,1,1,0,North Eastern Zone
44,16,2,0,0,3,16,25,0,1,3,0,4,0,0,0.5,1,North Eastern Zone
29,16,2,0,0,3,20,14,0,8,7,0,4,0,1,0,0,North Eastern Zone
28,16,2,3,0.75,1,24,15,0,1,18,1,4,0,3,0.5,0,North Eastern Zone
91,16,1,2,0.5,2,19,18,0,8,16,1,2,0,3,0.5,0,North Eastern Zone
91,16,2,1,0,3,22,15,0,0,3,0,2,0,2,0.75,0,North Eastern Zone
51,16,2,2,0,2,21,13,0,1,2,0,4,0,3,0,0,North Eastern Zone
67,16,2,0,0,2,28,25,1,1,2,0,3,0,0,0.5,0,North Eastern Zone
59,16,2,2,0.25,1,19,21,0,9,2,0,1,0,2,0.5,0,North Eastern Zone
14,16,2,2,0,1,19,19,0,1,7,0,4,0,1,0.5,0,North Eastern Zone
43,16,2,2,0.25,3,20,11,0,1,7,0,4,0,2,0.5,0,North Eastern Zone
55,16,2,3,0.25,1,25,68,0,8,7,1,3,0,2,0.75,0,North Eastern Zone
61,16,2,0,0,2,13,14,0,0,9,1,4,0,0,0.5,0,North Eastern Zone
92,16,2,2,0,3,20,17,1,1,2,0,3,0,1,0.5,1,North Eastern Zone
99,16,2,2,0.25,3,21,11,0,6,2,0,3,0,1,0.25,0,North Eastern Zone
43,16,1,2,0.5,2,15,29,0,5,7,0,4,0,2,0.25,0,North Eastern Zone
71,16,2,2,0.25,2,17,16,0,0,2,0,2,0,2,0.5,0,North Eastern Zone
56,16,1,3,0.5,1,25,13,0,9,3,0,4,0,3,0.25,0,North Eastern Zone
3,16,2,2,0.5,2,20,10,1,1,18,1,3,0,2,0,0,North Eastern Zone
63,16,2,1,0.25,2,17,13,0,1,7,0,2,0,1,0.5,0,North Eastern Zone
30,16,1,3,0.5,2,26,22,1,8,9,1,2,0,3,0.5,0,North Eastern Zone
12,16,2,2,0,2,24,19,0,0,4,0,4,0,2,0.75,0,North Eastern Zone
7,16,2,2,0.25,3,21,32,0,5,2,0,3,0,2,0.75,0,North Eastern Zone
32,16,2,2,0,5,16,9,0,6,2,0,4,0,2,0.75,0,North Eastern Zone
93,16,2,1,0,5,19,16,0,8,2,1,2,0,1,0.5,0,North Eastern Zone
75,16,2,0,0,2,12,12,0,0,14,0,2,0,0,0.5,1,North Eastern Zone
44,16,2,2,0.25,1,19,10,0,0,9,1,2,0,2,0.5,0,North Eastern Zone
26,16,2,2,0.75,2,24,13,0,1,7,1,2,0,3,0.5,0,North Eastern Zone
29,16,2,2,0.25,2,18,10,0,3,2,0,4,0,1,0.5,0,North Eastern Zone
24,16,2,2,0,1,20,13,0,0,4,0,4,0,1,0.5,0,North Eastern Zone
5,16,2,2,0.25,2,23,16,0,1,4,1,2,0,2,0.75,0,North Eastern Zone
97,16,2,2,0,1,31,24,0,0,9,0,3,0,1,0,0,North Eastern Zone
91,16,2,2,0.5,1,22,24,1,8,2,0,2,0,2,0.5,0,North Eastern Zone
6,16,2,3,0.5,2,30,20,0,5,2,1,4,0,3,0.5,0,North Eastern Zone
98,16,2,2,0.25,2,17,24,0,1,14,0,2,0,2,0.5,0,North Eastern Zone
29,16,2,2,0.25,2,18,10,0,3,2,0,4,0,1,0.5,0,North Eastern Zone
5,16,1,1,0.25,1,21,18,0,1,2,0,2,0,1,0.5,0,North Eastern Zone
40,16,2,1,0,4,17,9,0,9,7,0,2,0,1,0.5,1,North Eastern Zone
98,16,2,2,0.5,1,19,16,0,1,2,1,4,0,2,0.25,0,North Eastern Zone
85,16,2,0,0,2,21,11,0,8,4,0,4,0,0,0.5,0,North Eastern Zone
1,16,2,2,0,3,24,9,0,6,2,0,2,0,0,0.5,0,North Eastern Zone
88,16,2,2,0.5,4,12,22,0,1,18,1,3,0,2,0.5,0,North Eastern Zone
98,16,2,2,0.25,2,17,24,0,1,14,0,2,0,2,0.5,0,North Eastern Zone
1,16,2,2,0,3,24,9,0,6,2,0,2,0,0,0.5,0,North Eastern Zone
76,16,2,2,0.5,1,20,20,0,0,2,0,4,0,2,0.5,0,North Eastern Zone
25,17,2,2,0.25,4,17,6,0,0,14,0,2,0,2,0.25,0,North Eastern Zone
61,17,1,0,0,5,19,6,0,0,1,0,3,0,0,0.25,0,North Eastern Zone
35,17,2,2,0.5,4,24,9,0,6,2,0,4,0,2,0.5,0,North Eastern Zone
34,17,2,2,0,3,21,16,0,0,2,0,2,0,0,0.5,0,North Eastern Zone
87,17,2,2,0.25,5,13,996,0,0,2,0,2,0,2,0.5,0,North Eastern Zone
81,17,2,3,0.25,3,22,41,0,0,2,0,4,0,3,0.5,0,North Eastern Zone
64,17,2,0,0.25,5,20,21,1,0,9,0,2,0,0,0.5,0,North Eastern Zone
23,17,2,0,0.25,5,21,13,1,0,8,1,4,0,2,0.75,0,North Eastern Zone
33,17,1,2,0.25,3,19,10,1,0,17,0,3,0,2,0.5,0,North Eastern Zone
73,17,2,2,0.5,2,17,9,0,0,16,1,4,0,1,0.25,0,North Eastern Zone
1,17,2,2,0,3,22,9,0,9,2,0,1,0,2,0.5,0,North Eastern Zone
3,17,1,0,0,6,16,32,0,0,11,0,3,0,1,0.5,0,North Eastern Zone
92,17,1,2,0.25,3,20,11,0,0,9,1,3,0,2,0.5,0,North Eastern Zone
99,17,2,2,0,1,33,11,0,0,8,1,3,0,1,0.5,0,North Eastern Zone
87,17,2,2,0.25,5,13,996,0,0,2,0,2,0,2,0.5,0,North Eastern Zone
82,17,2,2,0,3,17,15,1,0,2,1,2,0,2,0.25,0,North Eastern Zone
24,17,2,2,0.25,1,24,16,0,1,14,0,4,1,2,0.5,0,North Eastern Zone
37,17,2,1,0.5,2,24,13,0,0,4,0,4,0,2,0.5,0,North Eastern Zone
64,17,1,0,0.25,3,30,15,0,1,9,0,2,0,2,1,0,North Eastern Zone
71,17,2,1,0,3,18,1,0,0,10,0,2,0,2,0.5,0,North Eastern Zone
16,17,2,1,0,2,18,5,0,1,2,0,4,1,1,0.5,0,North Eastern Zone
85,17,2,2,0.5,2,20,2,0,1,3,1,2,0,2,0.5,0,North Eastern Zone
64,17,1,3,0.75,2,22,19,0,0,9,1,4,0,3,0.5,1,North Eastern Zone
42,17,2,0,0,6,17,44,0,0,2,0,2,0,1,0.5,0,North Eastern Zone
50,17,2,1,0.25,1,35,3,0,2,8,0,3,0,2,0,0,North Eastern Zone
61,17,1,0,0,5,19,6,0,0,1,0,3,0,0,0.5,0,North Eastern Zone
68,17,2,2,0.25,3,14,16,0,0,2,1,4,1,3,0.5,0,North Eastern Zone
54,17,2,1,0.25,2,26,15,0,0,4,0,2,0,2,0.5,0,North Eastern Zone
36,17,2,2,0.5,1,22,17,0,1,15,0,4,0,2,0.5,0,North Eastern Zone
3,17,2,2,0.75,1,23,14,0,9,2,1,2,0,2,0.5,0,North Eastern Zone
33,17,2,2,0,5,20,10,1,6,2,0,2,0,0,0,0,North Eastern Zone
52,17,2,2,0.75,2,29,4,0,3,2,1,3,0,3,0.5,0,North Eastern Zone
26,17,2,2,0.5,5,20,21,0,0,2,0,2,0,2,0,0,North Eastern Zone
74,17,2,1,0,1,16,20,0,0,4,1,2,0,2,0.5,0,North Eastern Zone
69,17,2,2,0.25,2,19,22,0,0,9,1,3,0,2,0.5,0,North Eastern Zone
73,17,2,2,0.5,2,17,9,0,0,16,1,4,0,1,0.25,0,North Eastern Zone
33,17,2,2,0,5,20,10,1,6,2,0,2,0,0,0.25,0,North Eastern Zone
71,17,2,1,0,3,18,1,0,0,10,0,2,0,2,0.5,0,North Eastern Zone
41,17,2,3,0.25,3,22,4,0,0,2,1,4,0,2,0.5,0,North Eastern Zone
24,17,2,2,0.5,1,19,19,0,0,2,1,3,0,2,0.75,0,North Eastern Zone
66,17,2,1,0.5,2,20,996,0,0,2,0,4,0,2,0.5,0,North Eastern Zone
92,17,2,1,0.5,1,22,13,0,0,4,0,4,0,2,0.5,0,North Eastern Zone
29,17,2,0,0.5,2,20,19,0,9,14,0,3,0,2,0.5,0,North Eastern Zone
53,17,2,2,0,2,20,21,0,0,10,1,2,0,2,0.5,0,North Eastern Zone
15,17,2,0,0,6,19,17,0,0,15,0,4,0,0,0.5,0,North Eastern Zone
37,17,2,1,0.5,2,24,13,0,0,4,0,4,0,2,0.5,0,North Eastern Zone
72,17,2,3,0.5,2,23,10,0,0,2,1,4,0,3,0.5,0,North Eastern Zone
50,17,2,2,0.25,4,19,21,0,0,2,0,2,0,0,0.25,0,North Eastern Zone
3,17,1,2,0.5,2,21,9,0,9,98,0,4,0,2,0.5,0,North Eastern Zone
81,17,2,3,0.25,3,22,41,0,0,2,0,4,0,3,0.5,0,North Eastern Zone
21,18,2,2,0,2,17,11,0,1,11,1,4,0,2,0.5,0,North Eastern Zone
14,18,1,0,0,1,21,31,1,9,2,0,3,0,0,0.5,0,North Eastern Zone
33,18,2,2,0.25,2,21,15,0,1,2,0,4,0,2,0.5,0,North Eastern Zone
22,18,2,0,0,4,17,24,0,8,9,0,2,0,2,0.5,0,North Eastern Zone
77,18,2,1,0.25,2,18,45,0,13,2,0,4,0,1,0.5,0,North Eastern Zone
58,18,2,1,0,5,23,29,0,9,4,0,4,0,0,0.25,0,North Eastern Zone
1,18,2,0,0.25,4,24,23,0,7,2,0,2,0,0,0.75,1,North Eastern Zone
96,18,2,2,0.5,1,21,26,0,0,14,1,4,0,3,0.5,0,North Eastern Zone
43,18,2,2,0,2,23,30,0,5,2,0,4,0,2,0.5,0,North Eastern Zone
24,18,2,0,0,2,18,26,1,1,4,0,4,0,0,0.5,0,North Eastern Zone
61,18,2,2,1,3,24,47,0,0,16,1,4,0,2,0.5,0,North Eastern Zone
93,18,2,1,0,4,17,23,0,3,2,0,2,0,0,0.75,0,North Eastern Zone
32,18,2,2,0.25,1,19,30,1,5,3,1,3,0,2,0.75,0,North Eastern Zone
24,18,2,0,0.5,4,17,15,0,0,7,0,3,0,1,0.5,0,North Eastern Zone
61,18,2,0,0,2,24,33,0,1,18,1,2,0,0,0.5,0,North Eastern Zone
8,18,2,2,0,2,19,23,0,2,3,1,3,0,2,0.5,0,North Eastern Zone
33,18,2,2,0.25,1,20,22,0,2,2,1,2,0,2,0.5,0,North Eastern Zone
24,18,1,0,0.5,1,32,14,0,0,2,1,4,0,1,0.5,0,North Eastern Zone
26,18,2,1,0,2,19,14,0,1,2,1,4,0,1,0.5,0,North Eastern Zone
73,18,2,1,0.25,3,26,19,1,6,2,1,2,0,1,0.5,0,North Eastern Zone
29,18,2,0,0.25,2,23,93,0,0,2,1,2,0,2,0.5,0,North Eastern Zone
81,18,2,2,0.75,2,18,35,0,1,7,1,3,0,2,0.5,0,North Eastern Zone
17,18,2,2,0.5,1,24,52,0,0,2,1,2,0,2,0.5,0,North Eastern Zone
57,18,2,2,0,2,28,21,0,6,9,1,3,0,2,0.5,1,North Eastern Zone
71,18,2,2,0,1,22,58,0,9,2,0,2,0,2,0.5,0,North Eastern Zone
77,18,2,3,1,2,25,29,0,5,18,1,2,0,3,0,0,North Eastern Zone
48,18,2,0,0,3,23,17,0,0,2,0,2,0,0,0.5,0,North Eastern Zone
69,18,2,1,0,5,19,18,1,0,2,0,2,0,1,0.5,0,North Eastern Zone
61,18,2,2,0.25,2,18,19,0,0,2,1,3,0,2,0.5,0,North Eastern Zone
59,18,2,0,0,3,26,15,0,6,3,0,2,0,1,0.5,1,North Eastern Zone
8,18,2,0,0,1,27,13,0,5,2,0,4,0,0,0.75,0,North Eastern Zone
22,18,2,2,0,1,19,23,1,0,12,0,3,0,2,0.5,0,North Eastern Zone
4,18,2,2,0,2,18,31,0,1,2,1,4,0,1,0.25,0,North Eastern Zone
24,18,2,2,0,1,18,22,1,0,1,1,4,0,1,0.5,0,North Eastern Zone
77,18,2,2,0,1,17,33,0,1,9,0,4,0,2,0.5,0,North Eastern Zone
61,18,1,3,1,3,27,11,0,1,2,1,4,0,3,0.25,0,North Eastern Zone
45,18,2,2,0.75,2,21,18,1,1,2,0,9,0,2,0.5,0,North Eastern Zone
8,18,2,2,0.25,3,24,28,0,2,2,1,3,0,1,0,0,North Eastern Zone
50,18,2,2,1,1,17,13,0,5,3,1,2,0,2,0.5,0,North Eastern Zone
27,18,2,0,0,7,22,37,1,1,11,0,2,0,1,0.25,0,North Eastern Zone
19,18,2,2,0.25,1,22,13,0,0,2,0,2,0,3,0,1,North Eastern Zone
92,18,2,0,0,1,17,19,0,1,3,0,4,0,0,0.5,0,North Eastern Zone
49,18,1,2,0.5,2,22,28,0,8,7,1,3,0,2,0.5,0,North Eastern Zone
78,18,2,2,0.25,4,16,22,0,9,8,0,4,0,2,0.5,0,North Eastern Zone
86,18,2,2,0,3,18,13,0,0,2,1,2,0,2,0.5,0,North Eastern Zone
80,18,1,3,0.5,1,28,28,0,9,2,1,3,0,3,0.75,0,North Eastern Zone
62,18,2,2,0.25,1,17,19,0,9,2,0,2,0,2,0.5,0,North Eastern Zone
83,18,2,1,0,3,17,19,0,0,14,1,4,0,1,0.5,0,North Eastern Zone
80,18,2,3,0.75,1,25,26,0,5,2,1,2,0,2,0.25,0,North Eastern Zone
99,18,2,1,0,2,27,9,1,8,1,0,3,0,2,0.5,1,North Eastern Zone
26,19,2,2,0.5,2,13,996,1,5,1,0,2,0,1,0.5,0,Eastern Zone
67,19,2,2,0.25,3,19,23,0,0,14,1,2,0,2,0.5,0,Eastern Zone
42,19,2,2,0,2,16,35,0,0,1,1,2,0,1,0.5,0,Eastern Zone
44,19,2,2,0,2,16,25,0,1,2,1,4,0,2,0.5,0,Eastern Zone
12,19,2,2,0,2,16,35,0,1,2,1,4,0,1,0.5,0,Eastern Zone
42,19,2,3,0.5,1,24,37,0,1,3,1,2,0,2,0.5,0,Eastern Zone
96,19,2,2,0.25,2,22,996,0,6,2,1,2,0,2,0.5,0,Eastern Zone
31,19,1,2,0.5,4,21,11,0,13,2,1,4,0,2,0.5,0,Eastern Zone
62,19,2,2,0.5,3,21,14,0,2,2,0,3,0,1,0,0,Eastern Zone
78,19,2,2,0,1,18,17,0,0,3,1,2,0,2,0.5,0,Eastern Zone
20,19,2,1,0,1,20,20,0,0,14,1,4,0,1,0.25,0,Eastern Zone
73,19,2,2,0.25,3,18,15,0,0,9,0,3,0,2,0.5,0,Eastern Zone
55,19,2,2,0.25,2,23,19,0,2,2,0,2,0,2,0.25,0,Eastern Zone
31,19,2,0,0,3,18,44,0,6,8,0,4,0,0,0.5,0,Eastern Zone
66,19,2,1,0,2,22,32,0,6,2,0,2,0,1,0.25,0,Eastern Zone
89,19,2,1,0.25,1,21,15,0,5,4,1,4,0,2,0.25,0,Eastern Zone
76,19,2,0,0,3,12,16,0,5,1,1,2,0,0,0.5,0,Eastern Zone
17,19,1,1,0,3,17,16,1,0,4,1,9,0,0,0.5,0,Eastern Zone
78,19,2,2,0.25,1,19,14,0,0,2,0,2,0,2,0.5,0,Eastern Zone
14,19,1,3,1,1,23,13,0,5,1,1,3,0,3,0.25,0,Eastern Zone
51,19,2,2,0.25,2,17,16,0,6,2,0,3,0,2,0.5,0,Eastern Zone
94,19,2,2,0.75,1,17,16,0,0,9,0,4,0,2,0.5,0,Eastern Zone
51,19,2,2,0.25,2,17,15,0,1,4,0,3,0,2,0.5,0,Eastern Zone
79,19,1,2,0.5,2,18,11,0,0,2,1,3,0,2,0.75,0,Eastern Zone
11,19,2,1,0,1,21,10,1,0,2,0,2,0,1,0.25,0,Eastern Zone
83,19,1,3,1,1,29,56,0,1,7,1,4,0,3,0.5,0,Eastern Zone
19,19,2,2,0,1,23,13,0,0,1,0,2,0,3,0.5,0,Eastern Zone
78,19,2,2,0.25,1,16,12,0,0,2,1,2,0,2,0.5,0,Eastern Zone
74,19,1,1,0.25,2,19,12,0,9,2,0,3,0,1,0.5,0,Eastern Zone
94,19,2,1,0,2,20,13,0,9,9,0,4,0,1,0.5,0,Eastern Zone
9,19,1,0,0,3,20,17,1,0,1,0,3,0,2,0.5,0,Eastern Zone
29,19,2,0,0.25,2,18,21,0,6,3,1,2,0,0,0.5,0,Eastern Zone
33,19,2,2,0,1,17,10,0,0,2,0,2,0,3,0.75,0,Eastern Zone
7,19,2,1,0.25,3,18,15,0,1,2,0,9,0,1,0.75,0,Eastern Zone
67,19,2,3,0.75,1,20,33,0,9,4,1,2,0,3,1,0,Eastern Zone
72,19,2,1,0,3,15,10,0,0,1,1,4,0,2,0.5,0,Eastern Zone
67,19,2,1,0,2,18,35,1,6,1,1,3,0,2,0.5,0,Eastern Zone
35,19,1,3,1,1,27,8,0,5,3,1,4,0,2,0.25,0,Eastern Zone
21,19,1,2,0.75,2,18,10,0,6,9,1,4,0,2,0.25,0,Eastern Zone
9,19,1,0,0,3,20,17,1,0,1,0,3,0,2,0.5,0,Eastern Zone
16,19,2,2,0.75,1,21,26,0,0,4,1,2,0,2,0.5,0,Eastern Zone
43,19,2,2,0.25,1,19,12,0,1,4,0,3,0,2,0.5,0,Eastern Zone
40,19,2,2,0.25,1,18,17,0,5,2,1,3,0,2,0.5,0,Eastern Zone
50,19,2,1,0,3,18,14,0,6,1,1,2,0,1,0.25,0,Eastern Zone
26,19,2,2,0,3,20,19,0,2,2,1,2,0,2,0.5,0,Eastern Zone
61,19,2,1,0.25,2,21,21,0,8,2,1,4,0,1,0.5,0,Eastern Zone
19,19,2,0,0,1,19,27,1,9,14,0,4,0,0,0,0,Eastern Zone
57,19,2,2,0,2,19,149,0,0,98,0,2,0,1,0.5,0,Eastern Zone
2,19,2,1,0.25,2,23,996,0,6,98,0,3,0,1,0,0,Eastern Zone
49,19,1,0,0.25,2,25,49,0,2,2,1,4,0,0,0.5,0,Eastern Zone
67,20,2,2,0.75,2,26,13,0,6,11,1,4,0,2,0.5,0,Eastern Zone
55,20,2,0,0,2,17,27,0,0,2,1,2,0,2,0.5,0,Eastern Zone
53,20,2,2,0.25,3,19,18,0,6,3,1,2,0,3,0.5,0,Eastern Zone
4,20,2,0,0,4,19,72,1,0,2,0,3,0,2,0.5,0,Eastern Zone
83,20,2,2,0,1,20,12,0,1,2,0,2,0,2,0.5,0,Eastern Zone
69,20,2,2,0,1,21,27,0,0,9,0,3,0,0,0,0,Eastern Zone
90,20,2,1,0,2,23,12,1,0,1,0,4,0,1,0.5,0,Eastern Zone
6,20,2,0,0.25,2,23,7,0,0,2,0,2,0,0,0.5,0,Eastern Zone
1,20,2,2,0,1,17,32,0,0,3,1,4,0,2,0,0,Eastern Zone
84,20,2,0,0,5,16,21,0,0,3,1,4,0,1,0.5,1,Eastern Zone
83,20,2,2,0.5,2,21,37,0,9,1,1,2,0,2,0.5,0,Eastern Zone
80,20,2,0,0,2,22,37,0,9,9,0,4,0,0,0.75,0,Eastern Zone
86,20,2,2,0,2,18,82,1,0,2,1,2,0,1,0.5,0,Eastern Zone
66,20,1,2,0.25,2,26,22,0,8,7,1,2,0,2,0.5,0,Eastern Zone
81,20,2,3,1,2,17,996,0,0,2,1,4,0,3,0.5,0,Eastern Zone
82,20,2,2,0,2,27,52,0,0,7,0,2,0,0,0.5,0,Eastern Zone
73,20,2,0,0,1,29,117,1,0,9,0,2,0,2,0.5,0,Eastern Zone
39,20,2,0,0,5,17,40,0,0,2,0,4,0,0,0.5,0,Eastern Zone
94,20,2,2,0,3,34,165,0,8,2,0,4,0,2,0.5,0,Eastern Zone
80,20,2,2,0.25,1,23,20,0,13,9,0,4,0,2,0.5,0,Eastern Zone
43,20,2,2,0.25,2,20,14,1,0,2,0,4,0,2,0.25,0,Eastern Zone
24,20,2,2,0,2,22,12,0,0,2,0,1,0,1,0.5,0,Eastern Zone
80,20,1,2,0.5,2,17,20,1,1,2,0,9,0,2,0.5,0,Eastern Zone
4,20,2,0,0.25,6,25,996,0,6,10,1,3,0,0,0.5,0,Eastern Zone
92,20,1,0,0.5,4,18,19,0,6,7,1,4,0,2,0.5,0,Eastern Zone
94,20,2,2,0.5,2,19,12,0,13,11,1,4,0,2,0.5,0,Eastern Zone
64,20,2,0,0,5,18,31,0,0,2,1,4,0,1,0.5,1,Eastern Zone
41,20,1,0,0.25,2,21,29,1,1,11,0,2,0,1,0,0,Eastern Zone
64,20,2,0,0,6,15,29,1,6,2,0,4,0,0,0.5,0,Eastern Zone
14,20,2,0,0.25,3,25,12,0,0,7,1,3,0,0,0.5,0,Eastern Zone
27,20,2,0,0,1,18,3,0,0,9,1,2,0,0,0.5,0,Eastern Zone
25,20,1,2,1,2,19,11,1,0,4,1,4,0,2,0.5,0,Eastern Zone
29,20,2,0,0,4,19,24,0,9,1,0,4,0,0,0.5,0,Eastern Zone
53,20,2,2,0.5,3,22,7,0,6,2,0,3,0,2,0.75,0,Eastern Zone
45,20,2,2,0,2,17,12,0,0,4,0,4,0,2,0.5,0,Eastern Zone
35,20,2,2,1,1,20,23,0,5,2,1,4,0,2,0.5,0,Eastern Zone
24,20,2,2,0.5,3,20,11,0,8,2,0,4,0,2,0.5,0,Eastern Zone
29,20,2,2,0,3,20,15,0,0,2,0,9,0,0,0.5,0,Eastern Zone
37,20,2,2,0,4,23,9,0,0,12,0,2,0,2,0.5,0,Eastern Zone
86,20,2,2,0.5,1,20,10,1,5,3,1,2,0,3,0.5,0,Eastern Zone
9,20,2,2,0.25,1,19,18,0,0,2,1,3,0,2,0.5,0,Eastern Zone
88,20,2,3,0.25,2,21,15,0,8,2,1,3,0,2,0.5,0,Eastern Zone
36,20,2,2,0,1,18,36,0,0,3,0,3,0,1,0.5,0,Eastern Zone
35,20,1,2,0.25,1,20,13,0,8,2,1,2,0,2,0.5,0,Eastern Zone
9,20,2,2,0,4,18,19,0,3,2,0,2,0,2,0.5,0,Eastern Zone
99,20,2,3,0.25,2,22,14,0,8,3,1,2,0,3,0,0,Eastern Zone
93,20,2,2,0.5,3,19,10,0,9,2,1,3,0,2,0.25,0,Eastern Zone
73,20,2,3,0.75,3,20,13,0,8,7,0,2,0,2,0.5,0,Eastern Zone
37,20,2,3,0.75,2,17,13,0,8,18,1,3,0,3,0.5,0,Eastern Zone
24,20,2,1,0,5,18,27,1,0,3,0,2,0,8,0.5,0,Eastern Zone
79,21,2,1,0,2,25,11,0,1,2,0,4,0,1,0.5,0,Eastern Zone
71,21,2,1,0,2,22,16,1,6,7,1,2,0,2,0.5,0,Eastern Zone
7,21,2,0,0,5,20,13,0,13,4,0,1,0,0,0.25,1,Eastern Zone
35,21,1,2,0.75,3,26,13,1,5,2,1,2,0,2,0.5,0,Eastern Zone
85,21,2,2,0.75,2,22,26,0,1,7,1,2,0,2,0.25,0,Eastern Zone
29,21,2,2,0.75,1,22,33,0,0,2,1,9,0,2,0.5,0,Eastern Zone
70,21,1,2,0.5,1,20,26,0,8,2,0,4,0,2,0.5,0,Eastern Zone
15,21,2,0,0,1,27,28,0,0,2,0,4,0,2,0.75,0,Eastern Zone
18,21,2,2,0,3,18,10,0,8,2,1,3,0,0,0.5,0,Eastern Zone
29,21,2,2,0,2,18,15,0,2,2,0,4,0,2,0.5,0,Eastern Zone
27,21,2,2,0.25,1,23,15,1,5,1,1,4,0,2,0.25,0,Eastern Zone
40,21,2,2,0.75,1,24,37,1,0,2,1,4,0,2,0.5,0,Eastern Zone
96,21,2,1,0.25,1,19,38,0,0,1,1,4,0,0,0.5,0,Eastern Zone
2,21,2,1,0.5,5,26,13,0,1,2,1,2,0,1,0.5,0,Eastern Zone
80,21,2,2,0.5,1,24,13,0,0,2,1,4,0,3,0.5,0,Eastern Zone
31,21,2,1,0.5,2,19,13,0,6,2,1,2,0,1,0.5,0,Eastern Zone
1,21,2,0,0,2,22,40,0,2,2,0,2,0,0,0.25,0,Eastern Zone
73,21,2,0,0,3,24,100,0,8,2,1,4,0,0,0.5,0,Eastern Zone
55,21,2,0,0,7,24,51,0,8,4,0,4,0,1,0.25,0,Eastern Zone
3,21,1,3,1,1,36,14,0,9,4,1,2,0,2,0.5,0,Eastern Zone
66,21,2,0,0,4,21,27,0,0,2,1,3,0,0,0.75,0,Eastern Zone
29,21,2,2,0,2,18,15,0,2,2,0,4,0,2,0.5,0,Eastern Zone
70,21,2,1,0.25,2,29,56,0,1,3,1,2,0,2,0.5,0,Eastern Zone
80,21,2,2,0.25,1,24,14,0,9,3,1,4,0,0,0,0,Eastern Zone
5,21,2,0,0.25,1,22,58,1,9,2,1,2,0,2,0.5,0,Eastern Zone
23,21,2,2,0.75,2,20,19,0,6,2,1,1,0,2,0.5,0,Eastern Zone
93,21,2,0,0.25,6,17,11,0,6,1,1,4,0,2,0.5,0,Eastern Zone
52,21,2,2,0.5,3,21,64,0,6,2,1,4,0,2,0.5,0,Eastern Zone
43,21,2,0,0,3,19,12,0,0,2,0,3,0,1,0.5,0,Eastern Zone
43,21,2,2,0.25,3,25,16,0,0,2,1,4,0,1,0.5,0,Eastern Zone
48,21,2,2,0.25,2,22,19,0,8,2,1,4,0,2,0.5,0,Eastern Zone
55,21,2,0,0,7,24,51,0,8,4,0,4,0,1,0.25,0,Eastern Zone
24,21,2,2,0.5,1,23,10,1,8,1,1,3,0,2,0.5,0,Eastern Zone
81,21,1,2,1,2,25,17,1,6,2,1,2,0,2,0.5,0,Eastern Zone
53,21,2,2,0.25,1,29,52,0,0,10,1,1,0,2,0.5,0,Eastern Zone
93,21,2,0,0,5,15,28,0,8,2,0,1,0,0,0.5,0,Eastern Zone
78,21,2,0,0,3,21,21,0,9,7,1,2,0,2,0.5,0,Eastern Zone
40,21,2,2,0.5,2,18,9,0,0,9,1,3,0,2,0.5,0,Eastern Zone
87,21,2,0,0,4,21,8,0,9,2,0,4,0,0,0.25,0,Eastern Zone
92,21,2,2,0.25,2,17,12,1,9,1,1,1,0,2,0.5,0,Eastern Zone
31,21,2,1,0,3,32,170,0,0,2,1,3,0,0,1,0,Eastern Zone
96,21,2,2,0,2,19,27,1,8,1,0,3,0,2,0.5,0,Eastern Zone
85,21,2,1,0,2,23,55,0,0,8,1,1,0,1,1,0,Eastern Zone
55,21,2,2,0.25,2,18,28,1,6,9,0,2,0,0,0.5,0,Eastern Zone
49,21,2,1,0.25,2,21,25,0,6,3,1,3,0,1,0.5,0,Eastern Zone
73,21,2,0,0,3,24,100,0,8,2,1,4,0,0,0.5,0,Eastern Zone
23,21,1,2,0.75,1,28,16,1,0,2,1,2,0,2,0.75,0,Eastern Zone
61,21,2,2,0,3,27,15,0,2,1,1,3,0,0,0.5,0,Eastern Zone
7,21,2,0,0,5,20,13,0,13,4,0,1,0,0,0.5,1,Eastern Zone
18,21,2,1,0,2,17,22,0,0,2,1,3,0,2,0.5,0,Eastern Zone
85,22,2,2,0.5,3,19,11,0,6,2,1,3,0,2,0.5,0,Central Zone
32,22,2,0,0,3,23,2,0,5,2,0,3,0,0,0.5,0,Central Zone
11,22,2,2,0.25,1,20,2,0,9,7,1,3,0,2,0.75,0,Central Zone
13,22,2,2,0,3,17,13,0,0,14,0,3,0,1,0.5,0,Central Zone
59,22,2,0,0,1,22,22,0,0,2,1,3,0,2,0,0,Central Zone
81,22,2,0,0,2,19,37,0,0,2,0,2,0,0,0.5,0,Central Zone
55,22,2,0,0,3,21,39,1,1,10,1,4,0,2,0.5,0,Central Zone
12,22,2,0,0.25,2,21,24,0,6,4,0,2,0,0,0,0,Central Zone
33,22,2,2,0,2,21,16,0,6,3,0,3,0,2,0.5,0,Central Zone
69,22,1,2,0.75,2,21,1,0,0,2,0,2,0,2,0.5,0,Central Zone
13,22,1,3,1,1,20,15,0,5,2,1,2,0,2,0.5,0,Central Zone
51,22,2,0,0,2,22,13,0,6,18,1,3,0,2,0.5,0,Central Zone
55,22,2,0,0.25,1,27,18,0,1,9,1,2,0,0,0.5,0,Central Zone
50,22,2,0,0,1,21,28,0,0,2,0,4,0,0,0,0,Central Zone
1,22,2,2,0.25,2,21,13,0,0,2,0,2,0,2,0.5,0,Central Zone
49,22,2,1,0.5,2,20,61,0,6,7,0,3,0,2,0.5,0,Central Zone
93,22,2,1,0.25,2,22,61,0,5,2,0,4,0,2,0.5,0,Central Zone
83,22,2,2,1,4,20,21,0,13,8,1,2,0,2,0.75,0,Central Zone
64,22,2,2,0.25,2,21,17,0,6,9,0,3,0,2,0.5,0,Central Zone
32,22,2,0,0,3,23,2,0,5,2,0,3,0,0,0.5,0,Central Zone
48,22,2,1,0.5,3,17,27,0,2,2,0,2,0,2,0.5,0,Central Zone
19,22,2,2,0.25,3,21,9,0,2,2,1,2,0,1,0.75,0,Central Zone
29,22,2,0,0,3,25,23,0,5,3,0,1,0,0,0.5,1,Central Zone
85,22,2,2,0,1,25,53,0,0,15,1,3,0,2,0.5,0,Central Zone
19,22,2,2,0.5,1,24,13,0,0,9,1,4,0,2,0.5,0,Central Zone
80,22,2,0,0,3,25,52,0,0,2,0,3,0,0,0.5,0,Central Zone
35,22,2,2,0.5,1,21,996,1,0,2,1,4,0,2,0.75,0,Central Zone
83,22,2,2,0.5,5,18,11,0,6,6,1,3,0,2,0,0,Central Zone
78,22,2,1,0,2,18,20,0,8,18,1,3,0,2,0.5,0,Central Zone
62,22,2,2,0.25,1,20,15,0,0,14,1,2,0,2,0,0,Central Zone
28,22,1,2,0.75,2,24,11,1,1,2,1,4,0,2,0.5,0,Central Zone
31,22,2,2,0,2,21,10,0,13,2,1,9,0,3,0.5,0,Central Zone
21,22,2,2,0.75,2,22,16,0,8,7,1,4,0,2,0.5,0,Central Zone
82,22,2,2,0,1,18,26,0,0,10,0,2,0,1,0.5,0,Central Zone
63,22,2,1,0,5,18,13,0,0,8,1,4,1,0,0.25,1,Central Zone
25,22,2,0,0,3,21,16,0,8,1,0,3,0,0,0.5,1,Central Zone
37,22,2,2,0.75,2,19,11,0,6,1,1,2,0,2,0.5,0,Central Zone
88,22,2,2,0.25,3,22,16,0,13,10,0,2,0,2,0.5,0,Central Zone
14,22,2,2,0,3,21,12,0,1,14,0,4,0,2,0.5,0,Central Zone
31,22,2,3,0.25,2,25,996,0,6,14,1,4,0,3,0.5,0,Central Zone
65,22,2,0,0,3,17,39,0,5,7,1,3,0,1,0.5,0,Central Zone
3,22,2,0,0,1,18,19,0,0,2,0,3,0,0,0,0,Central Zone
16,22,2,2,0.5,2,24,31,0,0,2,1,2,0,2,0,0,Central Zone
98,22,2,2,0.5,2,20,9,0,5,7,1,3,0,2,0.5,0,Central Zone
78,22,2,0,0,6,22,1,0,8,2,0,3,0,0,0.5,0,Central Zone
62,22,2,2,0,2,27,11,0,0,14,1,2,0,2,0.5,0,Central Zone
86,22,2,1,0,2,19,9,0,1,18,1,2,0,1,0.5,1,Central Zone
54,22,1,2,1,3,23,46,1,3,1,1,4,0,2,0.25,0,Central Zone
54,22,1,2,0,1,20,45,0,13,2,1,2,0,2,0.5,0,Central Zone
8,22,2,2,0.25,1,21,35,0,0,3,1,4,0,2,0.5,0,Central Zone
19,23,2,2,0,2,23,27,1,6,2,1,3,0,2,0.5,0,Central Zone
94,23,2,1,0.25,3,19,12,0,6,2,1,2,0,2,0.5,0,Central Zone
51,23,2,0,0,4,19,22,0,6,2,0,4,0,0,0.5,1,Central Zone
88,23,2,2,0.25,3,19,10,0,0,2,0,3,0,2,1,0,Central Zone
27,23,1,2,0.75,4,20,9,0,0,2,1,2,0,1,0.5,0,Central Zone
75,23,2,2,0.75,1,19,14,0,1,7,1,4,0,2,0.25,0,Central Zone
56,23,2,2,0.5,3,20,37,1,6,7,1,3,0,2,0.5,0,Central Zone
33,23,2,2,0,2,19,12,0,6,2,0,2,0,2,0.5,0,Central Zone
27,23,1,2,0.75,2,25,16,1,0,4,1,2,0,3,0.25,0,Central Zone
50,23,2,1,0.25,2,20,16,0,6,2,1,2,0,2,0.75,0,Central Zone
96,23,2,2,1,1,20,19,0,5,2,1,4,0,2,0,0,Central Zone
61,23,2,2,0.25,2,23,26,0,6,7,1,4,0,1,0.5,0,Central Zone
33,23,2,1,0.25,3,27,44,0,6,12,1,2,0,1,0.5,0,Central Zone
44,23,1,2,0.25,3,19,52,0,0,2,1,3,0,2,0.5,0,Central Zone
72,23,2,2,0,1,21,54,0,0,2,1,4,0,8,0.25,0,Central Zone
7,23,2,2,0.75,3,20,12,0,6,7,1,2,0,2,0.5,0,Central Zone
48,23,2,2,0.25,2,17,11,0,13,4,0,2,0,2,0.75,0,Central Zone
32,23,2,2,0.5,1,21,45,1,13,2,1,2,0,2,0.75,0,Central Zone
48,23,2,2,0,3,22,34,0,6,15,0,4,0,2,0.5,0,Central Zone
25,23,2,1,0.75,3,20,19,0,0,11,1,3,0,3,0.5,0,Central Zone
59,23,2,0,0,4,22,40,1,6,4,0,3,0,0,0,0,Central Zone
16,23,2,2,0,1,23,52,1,5,10,0,4,0,2,0.5,0,Central Zone
64,23,2,2,1,2,22,79,0,6,12,1,2,0,2,0.5,0,Central Zone
69,23,2,2,0.75,3,16,48,0,6,9,0,4,0,2,0.5,0,Central Zone
75,23,1,1,0.25,2,21,12,0,0,2,1,2,0,2,0.75,0,Central Zone
47,23,2,0,0,3,21,15,0,6,4,0,4,0,1,0.5,0,Central Zone
6,23,2,2,0,1,20,29,0,1,9,0,2,0,2,0.5,0,Central Zone
83,23,2,0,0,6,19,15,0,6,2,0,3,0,0,0.5,0,Central Zone
96,23,2,2,0.5,2,25,996,0,5,12,1,4,0,2,0.5,0,Central Zone
90,23,2,0,0,3,16,24,0,6,9,0,1,0,0,0,0,Central Zone
48,23,2,3,1,1,24,15,0,0,7,1,4,0,3,0.25,0,Central Zone
31,23,2,0,0.5,2,19,23,0,6,2,0,4,0,2,0.5,0,Central Zone
52,23,2,2,0.25,1,25,27,1,0,9,1,4,0,2,0.25,0,Central Zone
90,23,2,2,0.25,2,20,34,0,0,1,0,2,0,1,0.75,0,Central Zone
11,23,2,2,1,1,25,45,0,5,2,1,2,0,2,0.5,0,Central Zone
99,23,2,2,0,1,18,16,1,0,1,1,3,0,2,0.5,0,Central Zone
64,23,2,2,0.75,2,20,16,0,6,2,1,3,0,2,0.5,0,Central Zone
2,23,2,2,0.25,2,21,25,0,13,9,1,3,0,2,0.5,0,Central Zone
39,23,2,3,0.75,2,26,22,0,6,2,1,4,0,2,0.5,0,Central Zone
96,23,2,1,0,3,24,44,0,9,1,1,2,0,1,0.5,0,Central Zone
78,23,2,2,0.25,2,18,11,0,0,2,0,3,0,2,0.25,0,Central Zone
14,23,2,2,0.75,4,18,26,0,6,7,1,3,0,2,0.5,0,Central Zone
43,23,2,2,0.75,3,26,76,1,8,2,1,4,0,2,0,0,Central Zone
21,23,2,2,0.25,3,21,20,0,1,2,1,2,0,3,0.5,0,Central Zone
54,23,2,1,0.25,2,22,30,0,6,2,0,3,0,2,0.5,0,Central Zone
59,23,2,2,0.5,2,25,34,0,5,4,1,4,0,2,0,0,Central Zone
96,23,2,2,1,2,22,14,0,5,3,0,4,0,2,0.5,0,Central Zone
57,23,2,1,0,2,20,14,0,0,7,0,3,0,1,0.5,0,Central Zone
88,23,2,2,0.25,3,19,10,0,0,2,0,3,0,2,0.5,0,Central Zone
43,23,2,1,0,2,19,27,0,0,3,1,2,0,1,0.5,0,Central Zone
22,24,2,1,0,2,18,27,0,8,2,1,4,0,0,0.75,0,Western Zone
65,24,2,1,0,1,37,30,0,9,2,0,4,0,1,0.5,0,Western Zone
73,24,2,2,0.5,2,21,20,0,6,2,1,2,0,2,0.5,0,Western Zone
9,24,1,2,1,2,25,46,0,5,2,1,4,0,2,0.5,0,Western Zone
87,24,2,0,0.25,4,23,17,0,8,14,0,2,0,2,1,0,Western Zone
82,24,2,2,0,4,19,24,0,8,7,0,4,0,2,0.5,0,Western Zone
30,24,2,2,0.5,1,21,17,0,0,4,0,2,0,2,0.75,0,Western Zone
44,24,2,0,0,2,20,14,0,0,3,0,2,0,0,0.5,0,Western Zone
53,24,2,2,0.25,3,16,16,0,6,1,0,2,0,3,0,0,Western Zone
12,24,1,2,1,3,24,15,0,0,2,0,4,0,2,0.5,0,Western Zone
89,24,2,0,0,3,18,12,1,0,2,0,2,0,0,0.25,0,Western Zone
73,24,1,1,0.5,2,22,25,0,5,10,1,4,0,1,0.5,0,Western Zone
24,24,2,2,1,1,20,43,0,0,1,1,2,0,2,0.5,0,Western Zone
43,24,2,2,0.75,2,24,15,0,6,7,1,3,0,2,0.5,0,Western Zone
54,24,2,2,0.5,1,18,14,0,8,2,0,3,0,2,0.5,0,Western Zone
79,24,2,2,0.25,2,24,130,0,0,1,0,3,0,2,0.75,0,Western Zone
33,24,2,0,0.5,5,23,32,0,6,2,0,3,0,0,0.5,0,Western Zone
48,24,2,1,0.75,2,17,17,0,5,98,1,4,0,2,0.75,0,Western Zone
44,24,2,1,0.5,4,21,56,1,0,2,0,2,0,2,0.5,0,Western Zone
94,24,1,1,0.5,3,19,14,0,0,2,0,3,0,2,0.25,0,Western Zone
84,24,2,1,0.5,2,22,14,0,0,1,1,3,0,2,0.5,0,Western Zone
74,24,2,0,0,1,23,16,0,0,1,0,4,0,0,0.5,0,Western Zone
10,24,1,2,1,1,21,5,0,0,2,0,9,0,2,0.5,0,Western Zone
24,24,2,0,0,3,18,3,0,0,2,1,2,0,0,0.5,0,Western Zone
30,24,1,2,1,2,24,14,0,5,12,1,2,0,1,0.5,0,Western Zone
1,24,1,2,1,2,20,10,0,8,2,0,3,0,2,0.5,0,Western Zone
92,24,2,2,0,2,18,996,0,6,9,0,2,0,2,0.25,0,Western Zone
22,24,2,0,0.5,5,17,12,0,0,7,0,3,0,0,0.5,0,Western Zone
42,24,1,3,1,1,21,29,0,5,2,1,2,0,3,0.5,0,Western Zone
21,24,2,2,0.5,2,27,26,1,5,3,0,2,0,2,0.5,0,Western Zone
49,24,1,2,0.5,2,21,21,0,0,2,0,3,0,3,0.5,0,Western Zone
19,24,2,0,0,4,22,41,0,8,14,0,2,0,0,0.5,0,Western Zone
75,24,2,2,0.5,3,20,11,0,6,8,0,4,0,2,0.5,0,Western Zone
79,24,2,2,0.75,2,23,29,0,6,2,1,2,0,2,0.5,0,Western Zone
41,24,2,0,0,2,25,111,1,6,2,0,2,0,2,0.5,0,Western Zone
12,24,2,2,0.75,2,25,46,0,2,2,1,4,0,2,0.25,0,Western Zone
67,24,1,2,1,1,23,21,1,9,1,1,4,0,2,0,0,Western Zone
73,24,2,1,0.5,2,21,27,1,6,14,1,4,0,8,0.5,0,Western Zone
61,24,2,0,0.5,2,18,22,0,5,3,0,3,0,0,0.25,0,Western Zone
27,24,2,0,0,3,17,13,0,5,2,0,2,0,2,0.5,0,Western Zone
35,24,1,0,0.5,2,19,18,0,1,2,1,4,0,2,0.5,0,Western Zone
49,24,1,2,1,3,21,40,0,0,4,1,4,0,2,0.25,0,Western Zone
21,24,2,3,0.5,1,22,33,0,0,2,0,3,0,2,0.5,0,Western Zone
1,24,2,2,0.5,4,20,28,0,6,7,0,3,0,2,0.5,0,Western Zone
44,24,2,0,0,4,21,21,0,6,2,0,4,0,0,0.5,0,Western Zone
3,24,1,2,0.75,1,17,22,0,8,14,1,2,0,2,0.25,0,Western Zone
78,24,2,2,0.75,3,25,12,0,0,2,1,3,0,2,0.5,0,Western Zone
26,24,2,3,0.75,1,27,16,0,5,2,0,4,0,3,0.75,0,Western Zone
53,24,2,2,0.5,3,22,15,0,0,2,0,4,0,2,0.25,0,Western Zone
43,24,2,2,0.5,1,27,37,0,0,2,0,2,0,2,0.75,0,Western Zone
34,27,1,2,1,2,23,11,0,6,4,1,4,0,2,0.5,0,Western Zone
68,27,2,2,0,2,21,13,0,0,3,1,3,0,2,0.5,0,Western Zone
34,27,2,2,0.25,2,19,19,0,7,2,1,1,0,2,0.25,0,Western Zone
70,27,1,2,1,2,25,12,0,5,2,1,4,0,2,0.5,0,Western Zone
51,27,2,2,0.25,2,20,12,0,6,1,1,4,0,2,0.5,0,Western Zone
83,27,1,2,0.5,3,15,14,0,6,2,1,2,0,2,0.25,0,Western Zone
1,27,1,2,0.5,2,18,23,0,0,1,1,2,0,2,0.5,0,Western Zone
16,27,2,3,0.5,2,24,10,0,0,2,1,2,0,2,0.5,0,Western Zone
21,27,1,2,1,1,20,25,0,0,14,1,4,0,3,0.5,0,Western Zone
1,27,1,2,0.75,3,22,12,0,0,2,0,4,0,2,0.5,0,Western Zone
62,27,2,1,0.25,2,27,9,0,0,14,0,2,0,2,0.5,0,Western Zone
93,27,1,2,1,3,21,33,1,6,2,1,4,0,2,0.5,0,Western Zone
60,27,1,1,0.25,2,20,27,0,0,2,0,4,0,1,0.5,0,Western Zone
38,27,2,2,0.75,3,16,12,0,0,18,0,2,0,2,0.5,0,Western Zone
11,27,2,3,0.75,2,22,13,0,6,2,1,4,0,1,0.25,0,Western Zone
29,27,2,2,0.25,2,22,12,0,6,8,1,3,0,2,0.5,0,Western Zone
57,27,2,2,0.25,5,18,11,0,6,10,1,1,0,2,0.25,0,Western Zone
24,27,2,2,0,4,18,19,0,5,7,1,2,0,2,0.5,0,Western Zone
55,27,2,3,0.75,2,24,30,1,0,7,0,2,0,2,0.5,0,Western Zone
77,27,2,0,0,1,19,13,0,0,3,0,2,0,0,0.5,0,Western Zone
32,27,2,2,0.25,5,18,11,0,0,2,0,1,0,2,0.5,0,Western Zone
34,27,1,2,0.5,2,21,27,0,0,2,1,4,0,3,0,0,Western Zone
26,27,2,2,0.75,2,18,11,1,2,2,1,3,0,3,0.5,0,Western Zone
35,27,1,2,0.75,2,24,11,0,0,2,0,4,0,3,0.5,0,Western Zone
71,27,2,2,0.75,3,21,10,0,6,15,1,2,0,2,0.5,0,Western Zone
99,27,2,2,0.25,3,20,9,0,6,2,1,3,0,2,0.5,0,Western Zone
45,27,2,1,0.25,3,22,66,0,0,2,0,4,0,2,0.5,0,Western Zone
79,27,2,3,1,1,26,41,1,5,1,1,4,0,3,0.75,0,Western Zone
44,27,1,2,0.5,3,23,996,0,5,4,1,4,0,2,0.5,0,Western Zone
45,27,2,1,0.25,3,22,66,0,0,2,0,4,0,2,0,0,Western Zone
78,27,2,0,0,4,18,12,0,6,2,0,2,0,2,0.5,0,Western Zone
54,27,1,2,0.75,2,20,26,0,0,2,1,2,0,3,0.5,0,Western Zone
97,27,1,3,0.75,1,24,14,0,0,12,1,4,0,2,0,0,Western Zone
26,27,2,2,0.75,2,18,11,1,2,2,1,3,0,3,0.5,0,Western Zone
68,27,2,2,0.75,2,22,12,0,6,7,0,4,0,2,0.5,0,Western Zone
8,27,2,2,0.75,2,20,11,0,6,2,1,3,0,2,0.5,0,Western Zone
29,27,2,2,0.5,2,19,11,0,2,16,1,3,0,2,0.5,0,Western Zone
21,27,1,1,0.75,2,22,32,0,5,8,1,4,0,2,0.5,0,Western Zone
24,27,2,3,1,1,20,23,0,9,9,1,4,0,3,0.5,0,Western Zone
90,27,2,2,0.25,3,18,29,0,5,2,1,3,0,2,0.5,0,Western Zone
33,27,1,2,0.75,2,18,16,0,0,2,0,4,0,2,0.5,0,Western Zone
6,27,2,3,0.75,1,21,12,0,2,7,1,2,0,3,0.5,0,Western Zone
64,27,2,2,0,3,19,43,0,0,10,1,2,0,2,0.5,0,Western Zone
74,27,2,2,0.75,1,22,40,0,0,2,0,4,0,2,0.5,0,Western Zone
33,27,2,1,0,4,19,15,0,6,10,0,4,0,1,0.5,0,Western Zone
97,27,1,2,0.75,3,23,10,0,13,3,1,4,0,2,0.5,0,Western Zone
82,27,2,2,0.75,2,22,14,0,5,2,1,3,0,2,0.5,0,Western Zone
1,27,1,2,0.5,3,20,19,0,2,1,0,3,0,2,0.5,0,Western Zone
55,27,2,3,0.75,3,20,18,1,5,2,1,2,0,2,0.5,0,Western Zone
80,27,2,2,0.5,2,24,1,0,8,2,1,2,0,2,0.5,0,Western Zone
3,29,2,2,0.5,3,20,10,0,6,2,1,4,0,2,0.5,0,Southern Zone
39,29,2,0,0.25,2,22,30,1,0,2,0,4,0,0,0.5,0,Southern Zone
42,29,2,2,0.5,2,22,25,0,6,4,1,4,0,2,0.5,0,Southern Zone
64,29,1,2,0.75,2,21,26,0,2,9,1,3,0,2,0.25,0,Southern Zone
19,29,2,0,0,2,29,18,0,13,2,1,4,0,0,0.5,0,Southern Zone
5,29,2,2,0.75,2,22,17,0,6,2,1,4,0,2,0.5,0,Southern Zone
94,29,2,2,0.25,3,18,29,0,6,15,1,4,0,2,0.5,0,Southern Zone
88,29,2,2,0.5,1,19,13,0,0,4,1,3,0,2,0.75,0,Southern Zone
62,29,2,3,0.5,2,22,12,0,0,8,1,2,0,2,0.5,0,Southern Zone
94,29,2,2,0.25,3,18,29,0,6,15,1,4,0,2,0.5,0,Southern Zone
39,29,2,0,0.25,2,22,30,1,0,2,0,4,0,0,0.5,0,Southern Zone
90,29,2,2,0.75,3,20,48,0,6,2,1,2,0,2,0.5,0,Southern Zone
1,29,1,2,0.75,3,19,10,0,6,2,1,3,0,3,0.5,0,Southern Zone
50,29,2,2,0.5,3,25,15,0,6,2,1,2,0,1,0.5,0,Southern Zone
74,29,2,3,0.75,2,25,10,0,13,14,1,3,0,3,0.5,0,Southern Zone
98,29,2,0,0.25,2,19,16,1,6,2,1,2,0,1,0.25,0,Southern Zone
27,29,2,2,0.5,2,24,39,0,3,2,1,3,0,2,0.5,0,Southern Zone
99,29,2,0,0,4,20,37,0,6,14,1,4,0,2,0.5,0,Southern Zone
74,29,2,3,0.75,2,25,10,0,13,14,1,3,0,3,0.25,0,Southern Zone
71,29,2,3,0.5,1,23,11,0,0,7,1,4,0,3,0,0,Southern Zone
53,29,2,2,0.75,2,24,36,0,6,3,1,2,0,2,0.75,0,Southern Zone
62,29,2,3,0.5,2,22,12,0,0,8,1,2,0,2,0.5,0,Southern Zone
6,29,2,2,0.25,4,17,29,0,6,2,1,2,0,0,0.5,0,Southern Zone
57,29,1,2,0.75,3,17,30,0,6,16,1,4,0,2,0.5,0,Southern Zone
21,29,2,2,0.25,5,14,37,0,6,2,0,9,0,0,0.5,0,Southern Zone
99,29,1,2,0.75,2,17,24,0,6,2,1,4,0,2,0.5,0,Southern Zone
79,29,2,2,0.5,3,15,22,0,6,2,0,3,0,2,0.5,0,Southern Zone
89,29,2,2,0.75,2,20,10,0,6,2,1,4,0,2,0.5,0,Southern Zone
42,29,1,2,1,1,30,13,0,5,98,1,4,0,3,0.5,0,Southern Zone
6,29,2,3,1,2,23,53,0,2,3,1,4,0,3,0.75,0,Southern Zone
69,29,2,2,0.75,2,19,22,0,6,9,1,3,0,2,0,0,Southern Zone
67,29,1,1,0.75,2,19,14,0,6,2,1,2,0,2,0,0,Southern Zone
25,29,2,3,1,2,22,47,0,6,2,1,2,0,3,0.5,0,Southern Zone
49,29,1,2,0.75,2,20,34,0,13,16,1,4,0,2,0,0,Southern Zone
56,29,2,1,0.5,2,16,10,0,6,2,1,4,0,1,0.5,0,Southern Zone
45,29,2,2,0.75,1,21,3,0,2,2,1,2,0,2,0,0,Southern Zone
20,29,2,1,0.5,3,19,21,0,6,10,1,4,0,0,0.5,0,Southern Zone
28,29,1,2,0.75,2,24,11,0,5,9,1,2,0,0,0.5,0,Southern Zone
33,29,2,1,0,2,21,33,0,6,7,1,2,0,0,0.5,0,Southern Zone
10,29,1,3,1,1,37,7,0,0,3,1,4,0,3,0,0,Southern Zone
15,29,2,2,0.5,2,26,22,0,6,2,1,4,0,0,0.5,0,Southern Zone
17,29,2,2,0.5,2,16,12,0,6,3,1,4,0,2,0,0,Southern Zone
17,29,2,2,0.5,2,16,12,0,6,3,1,4,0,2,0,0,Southern Zone
49,29,2,2,0.75,1,22,10,0,1,3,1,4,0,2,0.25,0,Southern Zone
29,29,2,3,0.75,2,24,30,1,0,4,1,4,0,3,0.25,0,Southern Zone
83,29,2,2,0.5,3,23,15,1,6,2,1,3,0,2,0.5,0,Southern Zone
73,29,1,3,1,2,33,30,1,6,3,0,9,0,3,0.25,0,Southern Zone
63,29,2,1,0,3,17,42,0,6,4,1,2,0,2,0,0,Southern Zone
61,29,1,2,0.75,1,22,22,0,14,4,0,4,0,2,0.5,0,Southern Zone
39,29,1,2,0.75,3,22,34,0,0,2,1,4,0,3,0.5,0,Southern Zone
31,32,2,2,0.5,2,25,12,0,6,2,1,4,0,2,0.5,0,Southern Zone
90,32,2,3,0.75,2,24,38,0,0,9,1,4,0,2,0.25,0,Southern Zone
77,32,2,2,0.5,2,20,21,1,9,1,0,4,0,2,0.5,0,Southern Zone
49,32,2,2,0.5,1,23,48,0,0,9,0,4,0,2,0.25,0,Southern Zone
92,32,1,3,1,1,23,10,0,0,9,0,4,0,3,0.25,0,Southern Zone
19,32,2,3,1,1,23,26,0,5,2,1,3,0,3,0.5,0,Southern Zone
16,32,2,2,1,3,17,18,0,0,2,0,3,0,2,0.5,0,Southern Zone
78,32,2,3,1,2,24,22,0,6,4,0,4,0,3,0.5,0,Southern Zone
90,32,2,1,0,3,20,21,0,9,2,0,2,0,2,0.5,0,Southern Zone
94,32,2,3,1,1,26,29,0,0,4,0,4,0,3,0.75,0,Southern Zone
68,32,1,2,0.75,2,22,10,0,8,2,1,2,0,2,0.5,0,Southern Zone
81,32,2,2,0.75,2,25,10,0,9,2,1,4,0,2,0.5,0,Southern Zone
90,32,2,1,0,3,20,21,0,9,2,0,2,0,2,0.5,0,Southern Zone
40,32,1,2,0.75,1,24,12,0,0,2,1,4,0,3,0.5,0,Southern Zone
51,32,2,2,0.75,2,20,24,0,9,7,1,3,0,2,0.75,0,Southern Zone
7,32,1,2,0.75,2,23,16,0,8,9,1,4,0,2,0.5,0,Southern Zone
66,32,2,3,0.75,1,24,17,0,0,98,1,4,0,3,0.25,0,Southern Zone
14,32,1,2,0.75,2,22,34,0,6,2,1,4,0,2,0.5,0,Southern Zone
80,32,2,3,0.5,2,21,7,0,6,2,1,4,0,2,0.5,0,Southern Zone
99,32,2,3,0.75,2,20,9,0,2,7,0,3,0,2,0.5,0,Southern Zone
84,32,2,3,1,1,23,27,0,0,4,1,4,0,2,0.5,0,Southern Zone
10,32,1,3,1,2,21,19,0,2,2,1,4,0,2,0.5,0,Southern Zone
24,32,1,3,1,2,23,19,0,6,2,0,4,0,3,0.5,0,Southern Zone
34,32,2,3,1,1,28,21,0,0,98,0,3,0,3,0.5,0,Southern Zone
49,32,2,2,0.25,2,24,15,0,6,4,1,4,0,2,0.5,0,Southern Zone
16,32,2,3,1,1,20,9,0,0,9,1,4,0,2,0.5,0,Southern Zone
96,32,1,3,0.75,1,22,38,0,0,8,1,4,0,3,0.25,0,Southern Zone
90,32,2,1,0,3,20,21,0,9,2,0,2,0,2,0.5,0,Southern Zone
37,32,1,3,1,2,27,9,0,1,3,0,9,0,2,0.25,0,Southern Zone
92,32,1,2,1,4,18,13,0,0,2,0,4,0,3,0.5,0,Southern Zone
35,32,2,2,0.5,2,16,996,0,0,2,0,2,0,2,0.5,0,Southern Zone
33,32,2,2,0.75,1,23,25,1,0,14,0,4,0,2,0.5,0,Southern Zone
14,32,1,3,0.75,2,21,34,0,0,9,0,2,0,2,0.5,0,Southern Zone
75,32,1,3,1,1,22,20,0,0,1,0,4,0,3,0.5,0,Southern Zone
19,32,2,3,1,3,22,28,0,2,9,0,3,0,3,0.5,0,Southern Zone
57,32,2,3,1,1,29,67,0,0,18,0,4,0,3,0.25,0,Southern Zone
51,32,2,3,1,1,29,33,0,9,14,0,4,0,3,0.5,0,Southern Zone
97,32,2,3,1,1,28,20,0,0,2,0,4,0,3,0.5,0,Southern Zone
4,32,2,3,1,2,25,10,0,6,2,0,3,0,3,0.25,0,Southern Zone
34,32,1,3,1,6,22,12,0,6,2,0,2,0,2,0.5,0,Southern Zone
38,32,1,3,1,1,32,35,0,0,1,1,9,0,2,0.5,0,Southern Zone
71,32,2,2,0.5,3,23,10,0,6,9,1,4,0,2,0.5,0,Southern Zone
29,32,2,3,1,1,21,9,0,0,9,0,4,0,2,0.25,0,Southern Zone
37,32,1,3,1,2,27,9,0,1,3,0,9,0,2,0.25,0,Southern Zone
32,32,2,2,0.75,2,25,11,0,0,8,0,4,0,2,0.25,0,Southern Zone
52,32,2,3,0.5,1,29,9,0,0,9,1,4,0,3,0.5,0,Southern Zone
71,32,2,2,0.75,2,25,61,0,13,2,1,4,0,2,0.5,0,Southern Zone
50,32,2,2,0.75,2,20,9,0,0,9,1,2,0,2,0.5,0,Southern Zone
79,32,1,2,1,3,19,11,0,0,2,0,3,0,2,0.5,0,Southern Zone
6,32,1,2,0.75,2,23,10,0,0,7,0,4,0,2,0.25,0,Southern Zone
72,33,1,3,1,2,25,9,0,0,2,1,3,0,3,0.5,0,Southern Zone
63,33,1,2,1,2,18,14,0,2,4,0,3,0,2,0.5,0,Southern Zone
98,33,2,3,0.75,1,23,14,0,0,2,0,4,0,2,0.5,0,Southern Zone
98,33,2,2,0.25,1,23,42,1,2,2,0,3,0,2,0.5,0,Southern Zone
84,33,2,3,0.75,1,25,31,0,5,1,1,4,0,3,0.5,0,Southern Zone
73,33,2,3,0.5,2,26,22,0,8,16,1,2,0,2,0.5,0,Southern Zone
57,33,2,2,0.75,1,28,21,0,0,2,1,2,0,2,0.5,0,Southern Zone
10,33,1,3,0.75,1,25,12,0,0,2,0,3,0,3,1,0,Southern Zone
49,33,1,2,0.5,2,16,10,0,6,1,1,4,0,0,0.5,0,Southern Zone
73,33,1,3,1,1,22,15,0,0,13,1,2,0,3,0.5,0,Southern Zone
19,33,2,3,0.75,2,24,10,1,6,2,1,3,0,2,0.25,0,Southern Zone
11,33,2,2,0.75,3,19,13,0,6,4,1,2,0,2,0.5,0,Southern Zone
91,33,2,0,0.25,4,23,13,0,6,16,1,4,0,0,0.5,0,Southern Zone
78,33,2,2,0.25,2,21,11,1,6,2,0,4,0,2,0.5,0,Southern Zone
50,33,2,3,0.5,2,24,26,1,2,2,1,4,0,2,0.25,0,Southern Zone
73,33,2,2,0.25,2,19,17,0,0,3,0,3,0,2,0.5,0,Southern Zone
24,33,1,2,1,2,20,10,1,6,2,1,2,0,2,0.5,0,Southern Zone
65,33,2,1,0.75,2,19,9,0,8,16,0,2,0,2,0.5,0,Southern Zone
84,33,2,2,0.75,2,28,14,0,6,4,1,3,0,2,0.5,0,Southern Zone
12,33,2,3,1,2,27,11,0,6,1,0,4,0,2,0.25,0,Southern Zone
91,33,1,3,1,1,28,9,0,0,2,0,3,0,3,0,0,Southern Zone
58,33,2,3,0.75,2,24,18,0,1,4,0,4,0,3,0.5,0,Southern Zone
96,33,2,1,0,2,19,10,0,6,2,0,3,0,2,0.25,0,Southern Zone
6,33,1,3,0.75,1,21,9,0,0,2,1,4,0,3,0,0,Southern Zone
44,33,1,3,0.25,2,21,22,0,6,9,0,4,0,2,0.75,0,Southern Zone
26,33,1,3,0.75,2,25,17,0,0,14,0,2,0,3,1,0,Southern Zone
78,33,2,1,0.25,2,24,29,1,6,18,1,4,0,3,0.25,0,Southern Zone
84,33,1,3,1,1,25,45,0,0,2,0,9,0,3,0.5,0,Southern Zone
27,33,1,2,0.75,2,14,14,1,0,8,1,2,0,2,0.5,0,Southern Zone
55,33,2,3,0.5,2,24,11,0,6,4,1,2,0,3,0.5,0,Southern Zone
94,33,2,3,0.75,2,22,14,0,5,2,0,4,0,2,0.5,0,Southern Zone
84,33,2,2,0.75,2,28,14,0,6,4,1,3,0,2,0.5,0,Southern Zone
97,33,2,2,0.5,2,18,10,0,2,2,1,4,0,2,0.5,0,Southern Zone
97,33,2,2,0.5,2,18,10,0,2,2,1,4,0,2,0.25,0,Southern Zone
83,33,1,3,0.5,1,22,35,1,9,18,1,4,0,2,0.5,0,Southern Zone
48,33,2,2,0.75,1,26,16,1,0,2,1,4,0,2,0,0,Southern Zone
53,33,2,3,0.5,2,25,9,1,0,4,1,2,0,3,0.75,0,Southern Zone
84,33,2,3,1,1,23,10,0,0,18,0,3,0,3,0.5,0,Southern Zone
73,33,2,2,0.5,2,27,38,0,2,9,1,4,0,2,0.5,0,Southern Zone
14,33,2,3,1,3,29,18,0,0,16,0,4,0,3,0.75,0,Southern Zone
43,33,2,2,0.75,2,19,15,0,13,2,0,3,0,2,0.5,0,Southern Zone
96,33,2,2,0.5,1,24,25,0,0,9,0,2,0,2,0.5,0,Southern Zone
63,33,1,3,0.5,1,20,19,0,0,8,0,4,0,2,0.5,0,Southern Zone
97,33,2,3,0.75,2,20,11,0,6,8,0,4,0,2,0.5,0,Southern Zone
27,33,1,2,0.75,2,14,14,1,0,8,1,2,0,2,0.5,0,Southern Zone
50,33,2,3,0.5,2,24,26,1,2,2,1,4,0,2,0.5,0,Southern Zone
91,33,2,0,0.25,4,23,13,0,6,16,1,4,0,0,0.5,0,Southern Zone
67,33,2,2,0.5,2,20,10,0,2,2,1,2,0,2,0.5,0,Southern Zone
66,33,2,2,0.25,2,22,35,0,0,8,1,4,0,3,0.5,0,Southern Zone
49,33,1,2,0.5,2,16,10,0,6,1,1,4,0,0,0.5,0,Southern Zone
73,36,2,2,0.75,1,20,1,0,0,1,1,3,0,3,0.5,0,Southern Zone
64,36,2,2,0.5,2,20,26,0,6,1,1,2,0,2,0.5,0,Southern Zone
16,36,2,2,0,2,18,9,0,6,3,1,3,0,0,0.5,0,Southern Zone
25,36,1,3,1,1,32,25,0,0,2,0,4,0,3,0.25,0,Southern Zone
14,36,1,2,1,2,22,14,0,6,2,1,3,0,3,0.25,0,Southern Zone
72,36,1,2,1,2,18,3,0,13,2,1,9,0,2,0.25,0,Southern Zone
64,36,1,2,1,3,27,93,0,0,2,0,3,0,2,0.5,0,Southern Zone
20,36,2,3,0.25,2,22,15,0,6,3,0,3,0,3,0.5,0,Southern Zone
25,36,2,3,0.75,2,29,45,0,5,1,1,4,0,3,0,0,Southern Zone
79,36,2,2,0.75,2,24,83,0,6,4,1,9,0,2,0.5,0,Southern Zone
68,36,2,0,0.25,2,24,21,0,6,9,0,2,0,3,0.25,1,Southern Zone
46,36,2,3,0.5,2,19,0,1,6,1,1,4,0,1,0.5,0,Southern Zone
94,36,2,3,0.75,3,17,10,0,6,3,1,4,0,2,0.5,0,Southern Zone
37,36,2,2,1,3,24,55,1,6,2,1,3,0,2,0.5,0,Southern Zone
88,36,2,2,1,1,21,24,0,0,2,1,3,0,2,0.5,0,Southern Zone
55,36,2,2,0.75,2,21,13,0,0,7,1,1,0,3,0.25,0,Southern Zone
77,36,2,2,0.75,3,20,9,0,6,1,1,4,0,3,0.5,0,Southern Zone
1,36,2,3,1,1,27,996,0,0,2,1,4,0,3,0.25,0,Southern Zone
60,36,2,3,0.75,2,24,12,0,6,1,1,2,0,3,0,0,Southern Zone
65,36,1,2,0.75,2,22,18,0,6,2,1,2,0,3,0.5,0,Southern Zone
21,36,2,2,0.75,2,18,17,0,6,2,0,4,0,2,0.5,0,Southern Zone
35,36,1,3,1,1,21,10,0,0,7,0,4,0,3,0.5,0,Southern Zone
75,36,2,2,0.5,2,22,35,0,6,2,1,4,0,2,0.5,0,Southern Zone
61,36,2,1,0.5,2,17,15,0,13,2,0,4,0,2,0.5,0,Southern Zone
55,36,2,3,0.75,1,22,12,0,0,2,1,2,0,3,0.25,0,Southern Zone
80,36,2,3,0.75,2,19,11,0,0,7,0,2,0,2,0.5,1,Southern Zone
70,36,2,2,1,2,24,11,0,6,3,1,4,0,3,0.5,0,Southern Zone
69,36,2,3,0.5,2,19,34,0,1,8,1,2,0,2,0.5,0,Southern Zone
51,36,1,2,1,3,20,15,0,1,4,0,2,0,2,0.5,0,Southern Zone
91,36,1,3,0.75,2,29,10,1,6,1,1,2,0,2,0,0,Southern Zone
8,36,2,2,0.5,4,16,10,0,13,2,1,4,0,1,0,0,Southern Zone
24,36,1,2,0.75,1,20,15,0,0,2,1,9,0,2,0.5,0,Southern Zone
75,36,1,2,0.75,1,21,3,0,5,3,1,3,0,2,0.5,0,Southern Zone
63,36,2,2,0.75,2,29,52,0,5,2,1,3,0,1,0.5,0,Southern Zone
97,36,2,3,0.75,1,27,15,0,0,2,1,4,0,3,0.5,0,Southern Zone
82,36,2,2,0.75,2,19,22,0,6,9,0,4,0,1,0.5,0,Southern Zone
57,36,2,1,0.5,4,21,14,0,6,3,1,2,0,2,0.5,0,Southern Zone
98,36,2,2,1,2,26,54,1,5,3,1,2,0,2,0.5,0,Southern Zone
38,36,1,3,0.75,1,20,12,0,0,2,1,4,0,2,0,0,Southern Zone
97,36,1,2,0.5,2,17,9,1,0,1,0,3,0,2,1,0,Southern Zone
90,36,2,3,0.75,2,27,18,1,6,9,0,2,0,2,1,0,Southern Zone
8,36,2,2,0.5,4,16,10,0,13,2,1,4,0,1,0,0,Southern Zone
37,36,2,2,0.5,2,26,147,1,8,4,1,2,0,2,0.5,1,Southern Zone
58,36,2,2,0.25,2,19,33,0,1,1,0,2,0,2,0.5,0,Southern Zone
94,36,1,2,1,2,29,93,0,6,2,1,2,0,2,0.5,0,Southern Zone
51,36,1,2,1,3,20,15,0,1,4,0,2,0,2,0.5,0,Southern Zone
4,36,1,0,1,2,18,11,1,0,3,1,9,0,3,0.25,0,Southern Zone
53,36,2,3,0.5,1,22,54,0,0,2,1,4,0,2,0.5,0,Southern Zone
5,36,2,0,0.5,2,34,161,0,6,3,1,3,0,0,0.5,1,Southern Zone
59,36,2,2,0.5,2,18,20,0,5,2,1,4,0,2,0.5,0,Southern Zone
